FIPS,Dems,Repub
1001,6091,17398
1003,19362,61192
1005,5685,5862
1007,2289,6247
1009,3518,20362
1011,4001,1389
1013,4174,5472
1015,16325,32326
1017,6782,8060
1019,2299,7285
1021,3666,13934
1023,3633,4220
1025,5907,7455
1027,1722,4946
1029,1166,5204
1031,5068,14909
1033,9698,14729
1035,3411,3461
1037,2269,3245
1039,3238,12431
1041,1938,4316
1043,5855,28837
1045,5257,13873
1047,13958,6791
1049,5654,17951
1051,8268,25695
1053,5176,9365
1055,13480,30562
1057,1988,5875
1059,3469,8048
1061,2106,9314
1063,4402,876
1065,4969,3196
1067,2990,5558
1069,12194,29205
1071,6367,14068
1073,166015,149843
1075,1614,5419
1077,13318,24050
1079,5159,9269
1081,21410,32344
1083,9530,23588
1085,5447,1807
1087,9444,1396
1089,64062,86910
1091,5925,5511
1093,2597,9530
1095,7021,25680
1097,81741,97670
1099,5023,6173
1101,61999,41972
1103,13882,35986
1105,4423,1676
1107,4584,5426
1109,5856,7981
1111,3062,7169
1113,10078,8700
1117,20575,68945
1115,6088,27630
1119,5218,1723
1121,13769,20109
1123,6052,13105
1125,32738,45351
1127,7418,20719
1129,3032,5592
1131,4553,1849
1133,1756,8099
4001,15141,8381
4003,17944,27590
4005,27064,19449
4007,7566,13425
4009,3487,8375
4011,1165,1711
4012,1794,3302
4013,542206,675027
4015,21286,42729
4017,14953,19199
4019,191465,168670
4021,42905,57714
4023,8680,4517
4025,34731,58043
4027,17679,23658
5001,2616,4184
5003,2883,5166
5005,6531,12841
5007,23412,50855
5009,4429,10559
5011,1673,2259
5013,690,1459
5015,4160,6070
5017,2927,1935
5019,4265,4608
5021,2245,3032
5023,2951,7962
5025,909,2443
5027,3496,5711
5029,3144,4687
5031,11279,18859
5033,5265,14746
5035,9361,7420
5037,2580,4393
5039,1470,1756
5041,2546,1977
5043,2598,3860
5045,14099,25310
5047,1868,4407
5049,1818,2700
5051,14987,25011
5053,1562,5022
5055,4541,8578
5057,2861,4252
5059,4216,7014
5061,1745,2956
5063,3551,8023
5065,1767,3141
5067,2220,3146
5069,18272,10614
5071,3043,4911
5073,1133,1685
5075,2136,3357
5077,2263,1455
5079,1709,2513
5081,1752,3247
5083,2196,5136
5085,5880,17046
5087,2142,3970
5089,2379,4510
5091,4866,9913
5093,6638,6967
5095,1505,1602
5097,1090,2359
5099,1471,2061
5101,740,1716
5103,4598,5602
5105,1351,2743
5107,5687,3094
5109,1087,2727
5111,2740,4900
5113,1955,5470
5115,5986,15535
5117,1048,2223
5119,88632,70094
5121,2460,3601
5123,5371,3910
5125,12657,30842
5127,1052,2790
5129,1161,2726
5131,13592,28404
5133,1254,3052
5135,2436,4535
5137,1756,3810
5139,6177,10657
5141,2145,4269
5143,28965,37915
5145,6708,19429
5147,1350,1135
5149,2001,3805
6001,374922,93372
6003,422,252
6005,7321,9818
6007,41474,39954
6009,8464,10979
6011,2206,3273
6013,258610,115205
6015,3869,4429
6017,33010,40512
6019,94788,94814
6021,3693,5874
6023,30807,16704
6025,17791,10850
6027,3208,3833
6029,76189,111254
6031,14190,19178
6033,11986,8034
6035,3586,7483
6037,1938744,826512
6039,14997,20251
6041,93772,24478
6043,3766,4880
6045,15963,6256
6047,28152,23994
6049,1311,2980
6051,2827,2159
6053,61837,27321
6055,28212,14251
6057,23035,20899
6059,433988,469124
6061,64460,80209
6063,4715,6034
6065,210905,197517
6067,253581,172431
6069,5940,3566
6071,237831,214031
6073,559983,462191
6075,253375,40829
6077,90851,74318
6079,63159,57550
6081,166334,56100
6083,95677,61099
6085,386279,158630
6087,78495,20063
6089,24322,41482
6091,743,1157
6093,7575,9288
6095,74340,40755
6097,144399,47184
6099,75106,74025
6101,7360,10445
6103,6848,11106
6105,3197,2904
6107,32670,44729
6109,11319,14700
6111,132937,103256
6113,46499,21486
6115,7107,9608
8001,90113,62321
8003,3521,2635
8005,128366,100409
8007,2822,3618
8009,532,1568
8011,799,1077
8013,115339,41644
8015,4827,4832
8017,198,890
8019,3295,2278
8021,2106,1616
8023,1236,411
8025,552,976
8027,914,1668
8029,5007,9905
8031,195499,60226
8033,356,803
8035,51813,73225
8037,13055,8112
8041,104670,155914
8039,3775,9030
8043,6801,12595
8045,10847,10932
8047,1944,1249
8049,3961,4088
8051,5512,3112
8053,239,343
8055,1989,1582
8057,277,624
8059,155020,129291
8061,172,630
8063,898,2420
8067,15422,11170
8065,1847,1076
8069,84461,68932
8071,3483,3033
8073,543,1683
8075,2837,5986
8077,23470,43669
8079,270,334
8081,1566,4101
8083,4619,6913
8085,6115,11525
8087,3762,6222
8089,3454,4324
8091,1629,1360
8093,4196,4835
8095,587,1513
8097,7260,2448
8099,1464,3026
8101,38074,28523
8103,654,2425
8105,2427,2916
8107,8133,4634
8109,1620,913
8111,264,218
8113,3345,930
8115,468,857
8117,9700,4845
8119,4370,7939
8121,518,1935
8123,46644,55913
8125,1105,3238
9001,232339,160890
9003,265282,138466
9005,44731,40336
9007,53008,32917
9009,231077,143297
9011,73638,47842
9013,44874,29543
9015,28353,21293
10001,36383,29822
10003,178712,74595
10005,40299,47939
12001,73134,47025
12003,2326,8672
12005,23603,56597
12007,3430,8135
12009,127400,157402
12011,487638,234690
12013,1821,4344
12015,39006,45180
12017,31428,43666
12019,26635,66847
12021,52710,83238
12023,9171,18668
12027,4378,5625
12029,1921,5188
12031,192173,197171
12033,61152,90826
12035,24682,23931
12037,2122,3799
12039,15566,6805
12041,1993,5654
12043,1674,2533
12045,2144,4971
12047,2360,3179
12049,2561,4758
12051,4998,5779
12053,18980,25220
12055,17913,25903
12057,219580,209503
12059,1443,7023
12061,29565,39972
12063,7632,13695
12065,4082,3794
12067,640,2677
12069,62710,82512
12071,117878,145624
12073,91356,55521
12075,6707,11751
12077,892,2337
12079,4270,4544
12081,67785,78040
12083,70771,89571
12085,33474,44110
12025,491195,351462
12087,20868,18906
12089,10577,27326
12091,25623,68181
12093,5102,7551
12095,271866,186079
12097,59081,39489
12099,342527,211163
12101,102217,109902
12103,243994,206909
12105,113552,128658
12107,13201,19586
12113,19394,55843
12115,102413,102650
12117,99140,104885
12109,35578,68800
12111,66830,52323
12119,17644,30859
12121,4572,11672
12123,2787,6446
12125,1299,3933
12127,127474,113716
12129,5303,8869
12131,7158,19527
12133,2858,8165
13001,1846,5085
13003,938,1941
13005,817,3089
13007,846,828
13009,8587,7823
13011,1027,5120
13013,6657,17625
13015,9662,25976
13017,2590,3417
13019,1468,4889
13021,38851,26981
13023,1380,3657
13025,1119,5080
13027,2669,3507
13029,3630,9105
13031,9586,14174
13033,5233,4344
13035,3064,5944
13037,1342,862
13039,6482,10502
13043,1209,2286
13045,14334,28661
13047,6025,18218
13049,1193,2458
13051,62755,46829
13053,830,811
13055,2591,5564
13057,22350,70279
13059,29513,15309
13061,879,558
13063,82527,16506
13065,989,1678
13067,141216,170957
13069,4811,8872
13071,4139,9185
13073,15703,39322
13075,2075,3782
13077,15521,37571
13079,1832,3358
13081,3078,4423
13083,1608,4698
13085,1632,8242
13087,4424,5890
13089,254594,65581
13091,2595,5543
13093,2138,1991
13095,26135,12547
13097,27825,26812
13099,2602,2709
13101,201,981
13103,4936,15230
13105,3366,4868
13107,3068,5110
13109,1374,2462
13111,2611,7807
13113,20313,38501
13115,10691,23132
13117,15406,59166
13119,1910,6054
13121,272000,130136
13123,2614,8408
13125,210,1202
13127,12676,20479
13129,4268,13113
13131,3539,5775
13133,3339,4532
13135,129025,158746
13137,2900,11766
13139,14457,44962
13141,3535,795
13143,2248,8658
13145,4179,10645
13147,3365,6537
13149,1042,3133
13151,40527,47115
13153,22094,33392
13155,1197,2605
13157,4950,17776
13159,1935,3916
13161,1350,3847
13163,4149,3061
13165,1482,1936
13167,1198,2426
13169,4572,7782
13171,2745,4871
13173,1062,1787
13175,7769,12052
13177,3100,9923
13179,10474,5828
13181,1650,2731
13183,1288,2119
13185,17405,21085
13187,2586,8326
13193,3251,1712
13195,2957,8224
13197,1381,1772
13189,3989,5400
13191,2905,3282
13199,4465,4982
13201,809,1897
13205,3872,4201
13207,4106,7933
13209,1045,2521
13211,3091,5987
13213,3026,8180
13215,44158,29568
13217,20827,20337
13219,4825,12120
13221,2232,4144
13223,17229,39192
13225,5927,5173
13227,2595,10004
13229,1253,5500
13231,1574,6542
13233,4052,9850
13235,1377,2553
13237,3102,5966
13239,597,509
13241,2001,5487
13243,1833,1370
13245,52100,26842
13247,20421,16860
13249,479,1252
13251,3024,3423
13253,1657,2315
13255,10141,14885
13257,2705,7689
13259,1305,783
13261,6444,5713
13263,2367,1300
13265,643,339
13267,1932,4730
13269,1533,2019
13271,1862,2486
13273,2501,1890
13275,7720,10642
13277,4749,9431
13279,2964,6658
13281,1391,4292
13283,1112,1826
13285,10438,15374
13287,1427,2096
13289,2402,2087
13291,2486,8007
13293,4050,7282
13295,6094,17101
13297,8469,27253
13299,4034,8311
13301,1554,1087
13303,4607,4216
13305,2858,7601
13307,515,588
13309,794,1408
13311,2174,8467
13313,8167,19230
13315,978,2159
13317,2315,2705
13319,2298,2349
13321,2540,5777
15001,50808,14865
15003,213977,88049
15007,20408,6243
15009,39725,11152
16001,82023,92879
16003,728,1515
16005,14792,19356
16007,502,2377
16009,1407,2646
16011,4424,12230
16013,6947,3439
16015,1240,2433
16017,7840,11145
16019,11415,29324
16021,1474,3098
16023,318,1056
16025,187,422
16027,20147,42752
16029,553,2656
16031,1305,6240
16033,64,305
16035,1211,2569
16037,620,1704
16039,2523,5571
16041,599,4231
16043,1065,4700
16045,2166,5585
16047,1485,3764
16049,1935,5895
16051,1641,8540
16053,1794,4897
16055,22120,38387
16057,9191,7984
16059,796,2938
16061,479,1275
16063,497,967
16065,1625,11120
16067,1137,3976
16069,7123,10357
16071,381,1724
16073,944,3024
16075,2415,5988
16077,1027,1754
16079,2521,2953
16081,2302,2263
16083,8621,19032
16085,2394,2750
16087,1241,3168
17001,11700,18592
17003,2189,1692
17005,3832,3938
17007,11324,10396
17009,985,1541
17011,8872,7902
17013,1421,1221
17015,3956,3589
17017,2690,2617
17019,48351,33748
17021,6912,7869
17023,3737,4406
17025,2423,3924
17027,7653,9348
17029,11704,10962
17031,1582973,477038
17033,3877,5067
17035,2052,3155
17037,25765,18260
17039,3299,4345
17041,3226,5001
17043,227416,182860
17045,3737,4393
17047,1140,2136
17049,5256,11313
17051,3963,5493
17053,2226,4075
17055,8873,9390
17057,9722,6244
17059,1587,1211
17061,2617,3048
17063,9134,9144
17065,1794,2353
17067,3753,4778
17069,892,1330
17071,2213,1540
17073,13177,11247
17075,4640,8686
17077,15199,9665
17079,2063,2963
17081,7460,9293
17083,5036,5320
17085,6392,5163
17087,1477,3138
17089,105592,84223
17091,24719,22508
17093,23529,20675
17095,14165,9396
17097,111051,85284
17099,27415,21855
17101,3013,3401
17103,7757,8243
17105,6184,9180
17107,5245,7424
17115,25419,24901
17117,12071,9879
17119,68836,57059
17121,8334,8687
17123,3078,3142
17125,3540,3139
17127,2693,4371
17109,6780,6047
17111,71976,64595
17113,37551,36657
17129,2704,3672
17131,4885,3830
17133,7943,9870
17135,6486,6141
17137,7458,7585
17139,2663,3466
17141,11247,13131
17143,44396,33018
17145,4697,5077
17147,3856,4988
17149,3021,4451
17151,842,1339
17153,1636,1592
17155,1900,1376
17157,7387,7536
17159,3177,4320
17161,42175,25338
17165,5082,6096
17167,51176,46857
17169,1896,1830
17171,1090,1453
17173,4236,6390
17163,77896,47005
17175,1357,1513
17177,11010,9686
17179,29335,33203
17181,3916,4999
17183,16228,16046
17185,2462,3252
17187,4286,3637
17189,3338,4468
17191,2545,5381
17193,3315,3985
17195,15587,10867
17197,154691,119049
17199,12893,17351
17201,69903,53806
17203,6969,12137
18001,4928,8402
18003,70844,77102
18005,13555,17061
18007,1563,2180
18009,2677,2690
18011,9744,16616
18013,3852,4060
18015,3733,4845
18017,6995,8339
18019,21918,25299
18021,4954,6264
18023,5306,6915
18025,2286,2393
18027,3369,7096
18029,7123,14886
18031,3890,6443
18033,7169,9771
18035,28356,20904
18037,8748,9526
18039,31289,39344
18041,4387,4917
18043,16248,19944
18045,3094,4151
18047,3404,7017
18049,3700,5145
18051,6455,8449
18053,11291,14726
18055,5709,7689
18057,49691,78391
18059,11869,21991
18061,7271,10529
18063,24394,39578
18065,10058,10894
18067,17803,20207
18069,5842,10289
18071,7445,9852
18073,5044,7669
18075,3746,4400
18077,6255,7052
18079,5302,6257
18081,21536,36471
18083,7569,8639
18085,9229,20484
18087,3659,5697
18089,138603,67417
18091,28247,17911
18093,7208,11018
18095,30152,26403
18097,237275,131459
18099,7880,10401
18101,1706,3112
18103,5559,8305
18105,41332,21083
18107,6005,9055
18109,10314,18105
18111,2623,3300
18113,7063,9671
18115,1158,1712
18117,3390,4536
18119,3570,4415
18121,2913,3900
18123,5140,3201
18125,2700,3221
18127,39046,33796
18129,5820,6794
18131,2466,3368
18133,6331,8085
18135,4839,5787
18137,4187,7794
18139,3228,4270
18143,4268,4443
18145,6983,10330
18147,5037,4998
18141,68708,48510
18149,4778,4473
18151,6283,7670
18153,4282,4341
18155,1638,1940
18157,37709,29789
18159,3250,4452
18161,1220,2058
18163,39368,37449
18165,4002,3004
18167,25023,18111
18169,5455,8238
18171,1753,2164
18173,12329,16013
18175,4561,6512
18177,13459,14558
18179,4403,8503
18181,4839,5730
18183,5861,9122
19001,1920,2059
19003,1113,1039
19005,3962,2961
19007,2964,3081
19009,1731,1631
19011,7035,6431
19013,38564,24467
19015,7333,6265
19017,6870,5704
19019,6037,4131
19021,4065,4217
19023,3348,3686
19025,2335,2747
19027,5284,4905
19029,3201,3990
19031,5201,4278
19033,14305,9344
19035,2883,3365
19037,3897,2536
19039,2214,2112
19041,3908,4345
19043,5174,3640
19045,14733,9068
19047,3697,3338
19049,15101,16904
19051,2262,2553
19053,1983,2019
19055,4630,4108
19057,12396,7687
19059,4609,5150
19061,23791,16694
19063,2565,2366
19065,5889,4199
19067,4797,3044
19069,2566,2495
19071,2490,2708
19073,2359,2340
19075,2774,3936
19077,2603,3025
19079,3999,3909
19081,2790,3008
19083,4368,4301
19085,3549,3906
19087,5306,5582
19089,2933,1721
19091,2151,2881
19093,1455,2025
19095,4173,4173
19097,6069,3662
19099,10195,8750
19101,5028,3321
19103,50708,20639
19105,5431,4398
19107,2508,2703
19109,4609,4310
19111,9470,6724
19113,67476,43384
19115,2520,2310
19117,2024,2329
19119,1673,4461
19121,3702,4525
19123,4450,6249
19125,7408,9232
19127,9918,8229
19129,2970,4177
19131,3175,2465
19133,2284,2407
19135,1793,1997
19137,2318,2878
19139,10850,7907
19141,2333,4883
19143,1037,2027
19145,2892,4344
19147,2420,2290
19149,4564,7744
19151,1794,2131
19153,119569,88983
19155,20226,21161
19157,5441,4331
19159,1236,1401
19161,2237,2699
19163,48675,36239
19165,2847,3472
19167,3010,13440
19169,26268,18812
19171,4859,3813
19173,1344,1602
19175,2990,2774
19177,1540,1980
19179,8481,6466
19181,12261,12112
19183,5140,5228
19185,1356,1563
19187,9847,8299
19189,3236,2726
19191,6808,4260
19193,20290,20798
19195,2560,1612
19197,3087,3187
20001,2130,3481
20003,1161,2329
20005,3157,3717
20007,585,1794
20009,2967,7636
20011,2343,4159
20013,1284,2926
20015,8942,17756
20017,371,934
20019,385,1396
20021,3366,5750
20023,432,1247
20025,241,870
20027,982,2919
20029,1213,3070
20031,1105,3008
20033,194,756
20035,4859,8263
20037,7646,7453
20039,340,1189
20041,2353,5961
20043,1077,2336
20045,33141,17475
20047,326,979
20049,359,1035
20051,3917,8037
20053,838,1996
20055,3188,6776
20057,2848,5587
20059,4366,6969
20061,3368,4376
20063,257,1120
20065,323,1043
20067,616,1941
20069,416,1585
20071,150,587
20073,916,2087
20075,233,836
20077,740,1960
20079,6185,8865
20081,265,1216
20083,202,836
20085,2266,3770
20087,3450,5058
20089,312,1229
20091,124142,149816
20093,302,1138
20095,918,2468
20097,197,903
20099,3782,4955
20101,187,786
20103,12749,16387
20105,334,1175
20107,1401,3029
20109,222,1171
20111,5661,6468
20115,1607,3695
20117,1779,3150
20113,4113,8732
20119,369,1527
20121,5644,9229
20123,692,2405
20125,4203,9142
20127,897,1858
20129,225,1129
20131,1405,3761
20133,2496,4372
20135,283,1197
20137,488,1836
20139,2508,4768
20141,391,1441
20143,703,2304
20145,869,1923
20147,516,2066
20149,2552,6816
20151,1265,2765
20153,270,1243
20155,9711,15858
20157,627,1949
20159,1137,2746
20161,10033,11729
20163,467,2054
20165,498,1217
20167,719,2470
20169,7897,13754
20171,311,1788
20173,79175,104119
20175,1376,3620
20177,40072,40806
20179,252,1068
20181,677,1932
20183,437,1695
20185,535,1483
20187,187,625
20189,277,1770
20191,3304,6637
20193,761,2762
20195,415,1215
20197,1020,2375
20199,96,690
20201,640,2193
20203,163,835
20205,1218,2927
20207,507,1045
20209,38482,16211
21001,1888,5512
21003,2023,5258
21005,3461,6884
21007,1427,2537
21009,5434,11133
21011,2210,2234
21013,2718,9519
21015,16292,33812
21017,3385,4820
21019,8886,11429
21021,4764,7697
21023,1241,2066
21025,2205,2671
21027,3110,5281
21029,10056,19857
21031,1555,3696
21033,2212,3866
21035,6165,8991
21037,15619,24045
21039,879,1699
21041,1716,2032
21043,4314,5252
21045,1219,4679
21047,8822,13515
21049,5749,9664
21051,1552,5710
21053,761,3366
21055,1254,2604
21057,697,2056
21059,19282,23692
21061,1652,3562
21063,1535,902
21065,1555,3685
21067,66040,59884
21069,2279,3432
21071,7530,7741
21073,11767,11911
21075,1226,1530
21077,1278,1840
21079,2012,5117
21081,3109,5605
21083,5843,10056
21085,3154,6605
21087,1204,3785
21089,6621,8849
21091,2128,1924
21093,15650,23896
21095,2586,7165
21097,2916,4520
21099,2290,4397
21101,10049,9523
21103,2724,4081
21105,812,1406
21107,7104,11916
21109,743,4407
21111,196272,153865
21113,6236,13710
21115,2413,5964
21117,21460,33371
21119,2523,2950
21121,3074,8150
21123,1913,4153
21125,4593,17563
21127,2036,3503
21129,752,1978
21131,766,3574
21133,2623,5367
21135,1510,3213
21137,2752,6273
21139,1622,2890
21141,3811,6925
21143,1577,2220
21151,12392,19694
21153,2105,2434
21155,3596,3842
21157,5593,9463
21159,808,2824
21161,2891,4102
21145,11285,19043
21147,1258,4078
21149,1963,2386
21163,4343,6691
21165,1276,1155
21167,3159,6781
21169,1350,2734
21171,1067,3537
21173,4234,5947
21175,1858,2377
21177,6221,6447
21179,7654,10139
21181,1272,1634
21183,4059,5781
21185,9996,18992
21187,1694,2969
21189,381,1279
21191,2027,3676
21193,3444,6762
21195,9525,12665
21197,2065,2867
21199,5590,19862
21201,451,533
21203,1410,4757
21205,4074,3907
21207,1579,5702
21209,7712,11782
21211,6871,11451
21213,2775,4437
21215,2519,5378
21217,3165,7568
21219,1543,3336
21221,2246,4189
21223,1484,2239
21225,2804,3120
21227,17650,25957
21229,1890,3305
21231,2201,4868
21233,2390,3037
21235,3484,10014
21237,1493,1408
21239,5027,7130
22001,7028,19228
22003,2891,6333
22005,14620,31225
22007,4756,5981
22009,6327,10234
22011,3071,10718
22013,3589,3776
22015,12701,32706
22017,55220,52105
22019,30227,50431
22021,1118,3696
22023,613,3089
22025,1659,3486
22027,3025,3750
22029,3766,5668
22031,5241,6882
22033,99431,95297
22035,2267,1254
22037,4383,5431
22039,5852,9792
22041,2959,6278
22043,1474,6906
22045,12492,20123
22047,9023,7185
22049,2456,5190
22053,3923,9277
22051,64853,113008
22055,32145,62055
22057,9662,27089
22059,860,5601
22061,8267,10676
22063,6674,43247
22065,3100,2152
22067,5789,7258
22069,7801,9054
22071,116042,28041
22073,24769,41708
22075,3378,6889
22077,5516,6702
22079,20109,36605
22081,2080,2484
22083,3311,5751
22085,2245,7226
22087,3491,9642
22089,8519,16456
22091,3567,2522
22093,6993,5432
22095,12420,8908
22097,20267,21647
22099,9419,14443
22101,9342,13181
22103,24589,83047
22105,16427,31421
22107,1646,1367
22109,11579,28208
22111,3103,7619
22113,6261,18069
22115,3534,11946
22117,6122,12215
22119,6610,11417
22121,5043,6654
22123,878,4045
22125,2414,3149
22127,2044,4628
23001,30635,22597
23003,19303,15862
23005,103637,55818
23007,10582,6986
23009,18863,12667
23011,37099,27456
23013,13728,8816
23015,11884,9287
23017,17936,12856
23019,42975,37523
23021,4430,4785
23023,12207,8771
23025,13343,11864
23027,11820,10375
23029,8241,8070
23031,64798,42459
24001,10564,18197
24003,122064,127336
24005,207382,155497
24510,206548,27850
24009,19953,22808
24011,4856,7882
24013,27655,53859
24015,17391,23534
24017,42352,24957
24019,6718,7990
24021,52078,53712
24023,3628,8749
24025,47301,70226
24027,84215,53932
24029,4861,4861
24031,303945,114998
24033,323105,37969
24035,8349,14766
24039,4650,4897
24037,18402,24078
24041,8582,10636
24043,25462,33381
24045,18697,21234
24047,11132,15322
25001,73503,55570
25003,49415,14851
25005,146311,90284
25007,7892,2438
25009,208323,136905
25011,27818,9528
25013,120021,70923
25015,56847,20569
25017,462226,245215
25019,4059,1863
25021,199833,136573
25023,131457,112681
25025,202148,55142
25027,201230,151742
26001,2896,3404
26003,2472,2188
26005,23526,29526
26007,7705,7125
26009,6079,7506
26011,4155,3807
26013,1725,1846
26015,13449,16431
26017,32589,23794
26019,5461,4687
26021,40376,36128
26023,8412,9534
26025,34550,28538
26027,12080,11112
26029,6817,7306
26031,6721,6919
26033,8169,8249
26035,7496,6793
26037,20001,19724
26039,3440,3558
26041,9976,8763
26043,5995,7049
26045,30736,25898
26047,8515,9315
26049,143919,72445
26051,6590,6391
26053,4757,3330
26055,23255,24713
26057,9102,8324
26059,8765,11221
26061,7473,8100
26063,8367,8434
26065,95698,47143
26067,14808,15850
26069,7307,6583
26071,3080,2947
26073,16679,11220
26075,37480,35692
26077,73407,48411
26079,3780,4527
26081,149855,148305
26083,610,756
26085,2919,2269
26087,21457,22831
26089,7354,6937
26091,24638,22223
26093,42346,55581
26095,1191,1490
26097,3027,3268
26099,223754,187645
26101,7234,5506
26103,19630,12902
26105,7816,7146
26107,9099,9235
26109,5980,4855
26111,20742,22285
26113,2898,4469
26115,39180,35852
26117,13208,13291
26119,2403,2841
26121,53400,28855
26123,10788,11862
26125,372694,276881
26127,6405,5860
26129,5391,5133
26131,1966,1823
26133,4848,5966
26135,1887,2320
26137,5634,6752
26139,51925,84823
26141,3719,3605
26143,7082,6727
26145,60260,42218
26151,9047,10678
26153,2184,2058
26155,18015,15054
26147,40676,38555
26149,12311,12876
26157,13503,13739
26159,18589,15535
26161,130547,53943
26163,656303,216880
26165,7357,8044
27001,4595,4589
27003,86977,91357
27005,7687,8851
27007,12019,9762
27009,8452,10338
27011,1552,1362
27013,19325,14782
27015,5808,7454
27017,11501,6549
27019,20654,28157
27021,7276,8660
27023,3277,2906
27025,12782,15788
27027,16666,11978
27029,1877,2291
27031,2019,1240
27033,2759,3157
27035,15859,18566
27037,116778,104365
27039,4463,5468
27041,9255,11241
27043,3736,4197
27045,5921,4993
27047,9915,6955
27049,12420,12775
27051,1850,1646
27053,420958,231057
27055,5906,4743
27057,4872,6559
27059,8248,11325
27061,13461,10309
27063,2618,2858
27065,3742,4479
27067,10123,11318
27069,1492,1016
27071,3649,2962
27073,2160,1913
27075,4174,2636
27077,971,1278
27079,6994,7636
27081,1517,1491
27083,6110,6315
27087,1436,843
27089,2311,2285
27091,4413,6053
27085,7505,10993
27093,5379,6737
27095,6073,7049
27097,6547,9734
27099,11605,7075
27101,2345,2320
27103,9887,7968
27105,4244,4368
27107,2129,1204
27109,38711,36202
27111,13856,18077
27113,3394,3248
27115,7084,6862
27117,2021,2652
27119,7849,7148
27121,3317,3068
27123,182972,88942
27125,1119,983
27127,3250,4308
27129,3904,3956
27131,17381,13723
27133,2078,2773
27135,3096,4437
27139,29209,36726
27141,17960,26143
27143,2998,4492
27137,77332,38730
27145,35690,41194
27147,9016,10068
27149,2780,2710
27151,2907,2184
27153,5277,6637
27155,1041,933
27157,5646,5935
27159,2882,4127
27161,4401,5212
27163,70281,64335
27165,2562,2526
27167,1550,1786
27169,16308,10974
27171,26343,37779
27173,2816,2579
28001,7630,5300
28003,3701,9752
28005,3320,4214
28007,3739,5209
28009,2224,2329
28011,9471,4487
28013,2242,4068
28015,2027,3886
28017,4053,3934
28019,1459,2624
28021,3561,632
28023,2727,4679
28025,6424,4412
28027,6947,2502
28029,7640,6683
28031,3826,5503
28033,19265,43510
28035,11622,15296
28037,1722,2896
28039,1398,7050
28041,1362,4358
28043,4995,6215
28045,3195,11614
28047,22175,37927
28049,68794,29187
28051,6945,1504
28053,3180,1243
28055,523,322
28057,1938,7240
28059,15534,32959
28061,4476,3660
28065,3924,2512
28063,3295,450
28067,8089,18726
28069,2876,1694
28071,7997,10278
28073,4694,16969
28075,13048,19368
28077,2513,4318
28079,3575,4509
28081,11769,22403
28083,8914,4105
28085,5505,10781
28087,13110,13934
28089,18034,24781
28091,3764,7350
28093,9573,6650
28095,7137,10165
28097,2244,2638
28099,2584,7205
28101,3063,6338
28103,4970,1507
28105,9326,9320
28107,8370,7515
28109,3727,16156
28111,1521,4040
28113,7958,7441
28115,2951,9656
28117,3020,7703
28119,2797,1334
28121,14235,47645
28123,4709,6205
28125,1722,784
28127,4393,6660
28129,1821,5715
28131,1746,4661
28133,7158,2900
28135,3646,2435
28137,4951,7639
28139,2514,6809
28141,1941,6195
28143,2917,864
28145,2727,8302
28147,3421,4244
28149,9502,9953
28151,12884,6274
28153,3860,6056
28155,1321,4032
28157,3498,1556
28159,4606,5473
28161,3104,3604
28163,5725,4219
29001,5735,5891
29003,3345,5279
29005,1000,1936
29007,4434,6167
29009,4630,9758
29011,1455,4414
29013,3271,4833
29015,3628,5757
29017,1690,3972
29019,46960,36803
29021,19157,19110
29023,5316,11805
29025,1812,2652
29027,7578,11388
29029,7772,14074
29031,12208,24767
29033,1535,2955
29035,986,1838
29037,19840,29691
29039,2060,4193
29041,1799,2338
29043,11876,25376
29045,1572,1782
29047,53720,54485
29049,4545,5709
29051,13952,24383
29053,2996,4902
29055,3911,6007
29057,1184,2864
29059,2656,4895
29061,1400,2263
29063,1692,2889
29065,2056,4655
29067,2140,4405
29069,4528,7034
29071,21251,27351
29073,2899,4763
29075,1235,1964
29077,55928,77393
29079,1580,3006
29081,1287,2512
29083,4869,6092
29085,2171,2850
29087,802,1791
29089,2020,2689
29091,5732,10974
29093,2213,2090
29095,210296,124531
29097,15718,31634
29099,53457,50793
29101,9474,12178
29103,758,1211
29105,5217,10872
29107,6891,9433
29109,5097,11260
29111,1836,2596
29113,10231,12921
29115,2635,3139
29117,2435,3993
29121,2784,4586
29123,2042,2897
29125,1598,2851
29127,4701,7702
29119,2454,5499
29129,519,1169
29131,3553,7797
29133,2247,3034
29135,2084,4467
29137,1703,2532
29139,2346,3426
29141,3565,5451
29143,3370,4593
29145,7450,17637
29147,4493,5568
29149,1811,2652
29151,1905,5061
29153,1661,2917
29155,3029,3954
29157,3005,5527
29159,6927,11012
29161,7393,11704
29163,3481,4262
29165,21454,24458
29167,4553,8956
29169,5251,9551
29171,695,1591
29173,2041,2987
29175,3978,6445
29177,5241,5593
29179,1415,1779
29181,1795,3406
29195,4705,4957
29197,775,1139
29199,793,1249
29201,6258,11563
29203,1637,2075
29205,1114,2166
29183,84163,102538
29185,1886,2981
29187,11538,12659
29510,132486,24594
29189,332085,221016
29186,4979,3732
29207,3899,9172
29209,5025,11137
29211,1173,1607
29213,6676,14714
29215,3410,7213
29217,3379,5333
29219,6705,8673
29221,4712,4703
29223,2242,3784
29225,5683,10427
29227,427,707
29229,2556,5780
30001,1611,2983
30003,3490,1622
30005,1711,1138
30007,854,1853
30009,2431,3093
30011,111,573
30013,17486,16675
30015,1118,1625
30017,2262,3040
30019,343,692
30021,1587,2626
30023,3341,1481
30025,318,1082
30027,1921,4100
30029,15976,25361
30031,23984,22375
30033,109,595
30035,3361,1443
30037,122,342
30039,601,1013
30041,3563,2763
30043,2574,3525
30045,396,799
30047,6693,6463
30049,16939,14794
30051,367,594
30053,3018,5699
30057,1596,2803
30055,321,726
30059,298,624
30061,844,1051
30063,35701,20266
30065,615,1552
30067,4140,4349
30069,68,227
30071,638,1423
30073,1224,1583
30075,207,797
30077,1021,1679
30079,211,503
30081,8332,12922
30083,1196,3158
30085,2527,1455
30087,1898,1739
30089,1964,3556
30091,953,987
30093,11651,4806
30095,1512,2989
30097,552,1433
30099,1291,1873
30101,736,1321
30103,154,310
30105,1616,2099
30107,286,632
30109,146,379
30111,31740,36225
31001,4624,8163
31003,754,2367
31005,39,217
31007,61,341
31009,43,266
31011,742,2042
31013,1844,2888
31015,250,839
31017,311,1208
31019,5768,12920
31021,1406,1895
31023,1175,2534
31025,4709,7076
31027,1187,2912
31029,341,1466
31031,599,2360
31033,1064,3284
31035,761,2134
31037,1125,2014
31039,1255,2701
31041,1178,4220
31043,2966,3255
31045,1245,2330
31047,2352,5368
31049,243,732
31051,946,1785
31053,6587,8482
31055,112460,104030
31057,218,783
31059,953,1907
31061,442,1078
31063,348,1030
31065,556,1725
31067,4405,5389
31069,283,844
31071,212,800
31073,260,771
31075,41,321
31077,457,714
31079,7687,12788
31081,1322,3362
31083,399,1327
31085,85,460
31087,346,997
31089,1065,3663
31091,75,355
31093,1083,1847
31095,1504,2091
31097,914,1139
31099,870,2217
31101,965,2917
31103,115,409
31105,427,1328
31107,1248,2724
31109,63464,57925
31111,4937,10609
31113,81,327
31115,86,302
31119,4076,9542
31117,45,240
31121,978,2356
31123,546,1700
31125,540,1110
31127,1207,2090
31129,692,1607
31131,2893,3991
31133,481,857
31135,310,1086
31137,1043,3340
31139,781,2372
31141,3734,9279
31143,665,1810
31145,1216,3748
31147,1121,1880
31149,136,635
31151,2597,2373
31153,27663,38443
31155,3739,6132
31157,4645,9575
31159,2671,4596
31161,451,1934
31163,583,940
31165,116,600
31167,657,1772
31169,850,1729
31171,51,331
31173,1108,970
31175,704,1647
31177,3681,6409
31179,1249,2503
31181,550,1323
31183,96,334
31185,1594,4807
32510,11622,11419
32001,3494,6831
32003,379204,256401
32005,10671,14645
32007,4537,10958
32009,104,303
32011,144,564
32013,1909,3584
32015,574,1462
32017,518,1498
32019,8405,12154
32021,1082,1131
32023,7223,9535
32027,673,1075
32029,1099,1245
32031,99395,76743
32033,1230,2440
33001,16796,16402
33003,15204,13354
33005,26971,15205
33007,9681,6645
33009,31446,17687
33011,104516,97331
33013,45039,34006
33015,83673,82102
33017,37977,25008
33019,13288,9197
34001,62498,46244
34003,208410,174526
34005,121222,83078
34007,142433,68072
34009,20510,24591
34011,34355,22238
34013,228944,72370
34015,76789,60017
34017,141557,51478
34019,29637,38966
34021,99719,47196
34023,179924,115969
34025,147424,159461
34027,101245,122706
34029,109240,159480
34031,110331,71850
34033,15909,14763
34035,73785,67221
34037,28692,43998
34039,132006,73967
34041,20421,27304
35001,168406,109212
35003,659,1396
35005,8160,13630
35006,3176,1717
35007,3465,2800
35009,4655,9585
35011,358,676
35013,38574,27211
35015,7289,12468
35017,8092,5381
35019,1541,615
35021,256,357
35023,990,934
35025,5084,13301
35027,3482,5906
35028,5709,4986
35029,4289,3857
35031,15993,6183
35033,2156,565
35035,8602,12791
35037,1546,2363
35039,11245,3648
35041,2270,4285
35045,17645,27418
35047,10128,2421
35043,32102,24887
35049,53802,15443
35051,2351,3011
35053,4643,3011
35055,13384,2827
35057,3068,3721
35059,492,1218
35061,15142,13033
36001,86096,47629
36003,6396,10308
36005,300327,38560
36047,545785,139594
36007,43510,37773
36009,13858,16975
36011,16667,14283
36013,26936,26593
36015,17706,18793
36017,9256,9708
36019,18232,11535
36021,15536,12851
36023,10616,8970
36025,8562,9765
36027,64759,55601
36029,218645,154716
36031,9531,7189
36033,9593,6245
36035,9147,11537
36037,10029,14573
36039,9611,11992
36041,1060,1903
36043,10920,13213
36045,16222,18593
36049,4813,5700
36051,13446,15906
36053,13299,13560
36061,490634,79448
36055,196564,139001
36057,8592,10428
36059,316523,272765
36063,44105,43748
36065,45531,46555
36067,118390,80476
36069,22797,23000
36071,73299,68896
36073,6142,9166
36075,23192,21991
36077,12072,11059
36079,19371,23545
36081,436398,144362
36083,36550,31126
36087,65134,58199
36089,21642,15972
36091,51932,49734
36093,35529,28172
36095,5760,7520
36097,3792,4431
36099,6903,6556
36085,73192,80853
36101,15823,22690
36103,318920,289236
36105,15850,13312
36107,9702,12077
36109,26401,11004
36111,50300,31394
36113,14416,14422
36115,11867,11717
36117,16831,21083
36119,248249,143086
36121,6035,10487
36123,4390,4784
37001,28590,34501
37003,5153,11747
37005,2017,3117
37007,6293,4067
37009,4861,7885
37011,2163,5617
37013,9426,13437
37015,6248,3338
37017,7846,7530
37019,21280,30662
37021,69415,52236
37023,14623,21766
37025,31191,45340
37027,12007,22397
37029,1587,3118
37031,11079,22868
37033,5466,5177
37035,25535,42843
37037,17783,14591
37039,3748,8591
37041,3652,3751
37043,1731,3692
37045,17274,25950
37047,11088,12998
37049,17335,23163
37051,73926,51596
37053,3685,7159
37055,7760,9621
37057,22192,45135
37059,6102,13846
37061,8866,10734
37063,102237,32040
37065,17365,8416
37067,90712,73304
37069,13022,13183
37071,31247,52220
37073,2827,2546
37075,1265,2824
37077,13010,11373
37079,3774,4258
37081,141680,97511
37083,15726,8867
37085,16519,23311
37087,12724,14902
37089,20062,30903
37091,7479,3083
37093,9133,6197
37095,1225,1203
37097,27201,44979
37099,8671,7793
37101,26475,43164
37103,2364,2807
37105,10703,12652
37107,13157,13281
37109,11674,23561
37113,6603,10262
37115,5011,5175
37117,6488,5914
37111,6514,11382
37119,252642,152957
37121,2220,5472
37123,4870,6125
37125,17534,27165
37127,23013,23660
37129,48588,50004
37131,6893,3662
37133,19296,29942
37135,53712,20226
37137,2820,3809
37139,10170,7720
37141,9832,13517
37143,2761,3674
37145,8410,10007
37147,39763,33429
37149,4394,5986
37151,16280,40644
37153,9586,9316
37155,22315,16883
37157,16730,22435
37159,23272,37284
37161,9595,18631
37163,11753,13952
37165,8105,5972
37167,8815,19193
37169,6816,14335
37171,10399,18574
37173,2803,2896
37175,7203,9299
37177,932,960
37179,31038,53882
37181,13095,7584
37183,247914,183291
37185,6663,2992
37187,3734,2667
37189,14513,13303
37191,22507,26800
37193,8889,20152
37195,19754,18338
37197,4501,12355
37199,4470,5021
38001,434,785
38003,2723,2808
38005,1566,772
38007,114,375
38009,1384,2046
38011,478,1106
38013,285,639
38015,15524,25381
38017,37577,32515
38019,930,1125
38021,1039,1517
38023,461,629
38025,526,1078
38027,582,548
38029,545,1226
38031,687,913
38033,209,640
38035,16079,14498
38037,402,869
38039,597,682
38041,406,892
38043,421,751
38045,868,1307
38047,299,725
38049,980,1371
38051,579,914
38053,932,1730
38055,1858,2762
38057,1472,2788
38059,5073,7853
38061,1476,1403
38063,904,797
38065,332,680
38067,1486,1710
38069,792,1300
38071,2311,2358
38073,1369,993
38075,505,796
38077,3510,3892
38079,3403,1042
38081,1112,774
38083,227,550
38085,1144,215
38087,106,297
38089,3794,7019
38091,612,404
38093,4042,5484
38095,620,536
38097,2135,1839
38099,2323,2410
38101,10125,15038
38103,840,1468
38105,2915,6273
39001,4041,6725
39003,16575,26167
39005,9027,14788
39007,24233,18464
39009,19258,9107
39011,6492,15938
39013,15986,15127
39015,7280,11873
39017,62871,101537
39019,6302,6952
39021,7161,10919
39023,29122,31821
39025,30124,60287
39027,6267,12037
39029,21222,24891
39031,7580,8583
39033,8045,12050
39035,441836,196369
39037,7456,17226
39039,7394,9334
39041,35848,53670
39043,22277,17080
39045,28487,40708
39047,4199,6931
39049,305447,205701
39051,9627,11414
39053,4616,8047
39055,20692,28314
39057,27162,39252
39059,7369,8950
39061,208802,187862
39063,13357,21898
39065,4847,7553
39067,3495,3717
39069,6163,8091
39071,6437,11390
39073,6083,6201
39075,3074,7590
39077,9461,10001
39079,5108,7837
39081,17266,17216
39083,10702,16207
39085,54786,54441
39087,10956,15055
39089,19768,30545
39091,7615,13440
39093,77719,55031
39095,134729,70865
39097,6193,10178
39099,76356,44339
39101,12016,14840
39103,24614,31785
39105,3990,5891
39107,5636,14730
39109,10739,22217
39111,3623,2973
39113,136110,123040
39115,2921,3387
39117,5960,9787
39119,17209,20174
39121,2419,3387
39123,11760,10417
39125,4043,5204
39127,7128,7585
39129,8229,13087
39131,5833,6005
39133,32160,26959
39135,6846,13340
39137,5169,12855
39139,24473,32590
39141,13636,16027
39143,15101,13935
39145,14470,16472
39147,12751,13588
39149,6777,15005
39151,66712,63283
39153,151932,107937
39155,62254,39319
39157,20957,19940
39159,8348,15049
39161,5046,8993
39163,2405,2962
39165,32372,69741
39167,12082,16638
39169,21144,28730
39171,7892,9618
39173,32956,28819
39175,4362,6190
40001,2049,4636
40003,411,2023
40005,1370,3509
40007,265,2197
40009,1625,5769
40011,1011,3100
40013,4423,9295
40015,3395,6401
40017,11422,36411
40019,5603,13241
40021,7193,9182
40023,1859,3729
40025,152,1119
40027,39673,64730
40029,570,1609
40031,14120,20127
40033,690,1793
40035,2072,3858
40037,8318,20181
40039,2660,7842
40041,5084,10274
40043,346,1857
40045,282,1627
40047,5545,17066
40049,3028,7708
40051,5516,15187
40053,514,1836
40055,566,1548
40057,333,757
40059,221,1342
40061,1474,3206
40063,1705,3132
40065,2263,6716
40067,805,1649
40069,1246,2707
40071,5462,13229
40073,1009,5372
40075,1226,2536
40077,1313,2857
40079,5136,11603
40081,3503,10468
40083,5716,12555
40085,1257,2589
40093,515,2955
40095,1642,3729
40097,5749,10231
40087,3550,11184
40089,2792,7744
40091,3318,4903
40099,1592,3746
40101,11286,15276
40103,1174,3881
40105,1411,3029
40107,1478,2642
40109,116133,163099
40111,6187,8724
40113,7493,12150
40115,4266,6904
40117,2063,4533
40119,10601,18435
40121,5454,11739
40123,4511,9749
40125,7906,17728
40127,1265,3208
40129,286,1502
40131,10770,27732
40133,2977,5599
40135,4454,9465
40137,4538,14392
40139,923,5332
40141,1042,2195
40143,96106,158322
40145,8805,21426
40147,6308,16457
40149,1050,3716
40151,870,3043
40153,1348,6402
41001,2795,5643
41003,29421,15036
41005,95237,76161
41007,10579,7113
41009,13253,10351
41011,14270,15236
41013,3623,6348
41015,5216,6626
41017,38612,38918
41019,19153,28635
41021,429,642
41023,980,2670
41025,946,2592
41027,6229,3240
41029,47664,47806
41031,3648,4360
41033,17338,22926
41035,9115,18682
41037,954,2631
41039,104010,58149
41041,13991,8649
41043,21702,27576
41045,2922,7099
41047,55610,53174
41049,1398,2501
41051,264741,71084
41053,17046,17272
41055,382,632
41057,7018,5732
41059,9400,15126
41061,4612,7563
41063,1490,2832
41065,5649,4900
41067,128402,80203
41069,276,497
41071,20494,21068
42001,17475,26134
42003,368453,269819
42005,10729,17715
42007,39738,42358
42009,6001,15928
42011,91803,75868
42013,18798,30812
42015,10202,14911
42017,178345,149860
42019,29882,52294
42021,30697,29981
42023,802,1239
42025,13235,12646
42027,41141,32543
42029,135150,112266
42031,6415,10126
42033,14549,18656
42035,6799,7126
42037,12597,13704
42039,15684,19265
42041,45355,59693
42043,69352,57964
42045,170949,109766
42047,6910,6252
42049,74206,49284
42051,25509,25669
42053,1014,1366
42055,21052,41711
42057,1562,4612
42059,7365,7451
42061,6611,11724
42063,16964,19617
42065,6132,11248
42067,3055,6463
42069,67112,39198
42071,97290,124475
42073,19371,21496
42075,22004,32325
42077,86226,62668
42079,71903,60512
42081,18335,30215
42083,6186,8835
42085,24319,24321
42087,5364,10904
42089,36655,25892
42091,249493,163030
42093,3347,4555
42095,74956,58352
42097,13555,18012
42099,6384,13032
42101,574930,113260
42103,11448,12456
42105,2277,5073
42107,28187,33682
42109,5375,9895
42111,12437,20925
42113,1228,1840
42115,8314,10551
42117,6012,10542
42119,7207,9720
42121,8708,12817
42123,8669,9824
42125,44286,48753
42127,9824,12618
42129,69004,96786
42131,5631,6494
42133,81748,107367
44001,15185,8701
44003,45932,32278
44005,23550,14538
44007,154526,72890
44009,36295,24095
45001,4586,6224
45003,25982,42706
45005,3017,940
45007,23807,48389
45009,4402,2306
45011,4926,4769
45013,30363,37777
45015,27657,36097
45017,3964,3691
45019,82280,69521
45021,7191,13266
45023,7405,6278
45025,7840,8323
45027,8347,6211
45029,8576,8500
45031,14475,14532
45033,7406,5873
45035,21691,29785
45037,5072,6332
45039,7591,3912
45041,26491,27611
45043,14053,15694
45045,70618,115822
45047,12219,16804
45049,5811,3438
45051,38575,64197
45053,5267,3363
45055,11149,16370
45057,12089,16383
45059,10565,15314
45061,5958,3073
45063,31540,70197
45067,9575,5410
45069,6699,3948
45065,2747,2436
45071,6689,9607
45073,9475,21157
45075,26978,12037
45077,11640,32453
45079,104029,57234
45081,3308,5168
45083,40855,63385
45085,22594,15945
45087,5925,7447
45089,11257,4989
45091,37437,53842
46003,655,794
46005,3493,4054
46007,557,614
46009,1367,1712
46011,7207,6431
46013,9041,8067
46015,965,1407
46017,454,156
46019,1306,2821
46021,243,591
46023,1807,2109
46025,830,1065
46027,3808,2296
46029,5595,6374
46031,837,535
46033,1475,2909
46035,3554,4731
46037,1785,1372
46039,1054,1088
46041,1326,658
46043,424,1293
46045,819,1213
46047,1338,2348
46049,426,739
46051,1786,1951
46053,771,1423
46055,186,938
46057,1043,1661
46059,718,1247
46061,961,1426
46063,135,575
46065,3037,5298
46067,1242,2285
46069,226,547
46071,435,668
46073,535,535
46075,147,463
46077,1277,1435
46079,3033,2993
46081,4932,6787
46083,8642,11803
46085,710,894
46091,1261,900
46087,1219,1646
46089,441,915
46093,3749,7515
46095,373,445
46097,605,577
46099,39831,39241
46101,1663,1508
46103,17787,27592
46105,499,1102
46107,482,937
46109,2672,1781
46111,500,669
46113,2967,330
46115,1550,1660
46117,510,1017
46119,233,581
46121,2208,571
46123,914,1859
46125,1681,2538
46127,3244,4310
46129,923,1668
46135,4838,5039
46137,554,312
47001,11385,19614
47003,5026,10215
47005,2644,3695
47007,1517,3166
47009,15252,35553
47011,9353,28324
47013,3866,6535
47015,2010,3320
47017,3980,7454
47019,5587,15849
47021,5497,10697
47023,1794,4586
47025,3078,7174
47027,1248,1674
47029,3339,8945
47031,7128,13239
47033,1818,3749
47035,7889,17436
47037,158032,102702
47039,1595,3178
47041,2832,4085
47043,7504,11672
47045,4411,9859
47047,6888,12158
47049,1831,4789
47051,6609,10533
47053,7406,13516
47055,4614,6902
47057,2065,5297
47059,7107,17148
47061,1969,2561
47063,6804,15501
47065,64205,81666
47067,604,1587
47069,5919,5225
47071,2794,7076
47073,5924,14745
47075,4891,3165
47077,3021,7669
47079,5152,8182
47081,3563,4784
47083,1678,1608
47085,3600,3818
47087,2284,2185
47089,5177,13092
47091,1837,4620
47093,67923,109847
47095,1024,1175
47097,4322,4933
47099,5160,10565
47101,1803,2951
47103,3694,9226
47105,6058,15815
47111,2060,5145
47113,20027,23289
47115,4506,6746
47117,4319,6755
47119,13057,20282
47107,5539,12984
47109,3131,7134
47121,1371,2795
47123,5049,11478
47125,25634,30103
47127,881,2010
47129,1969,4717
47131,4308,8873
47133,3418,4495
47135,1329,1596
47137,854,1786
47139,2124,4267
47141,9735,17098
47143,2905,8033
47145,7222,15643
47147,9318,17903
47149,40412,59850
47151,1720,4931
47153,1717,3606
47155,8597,24915
47157,253633,143422
47159,2990,4561
47161,2470,2956
47163,18346,44802
47165,21486,44947
47167,7911,17114
47169,1474,1687
47171,2106,5011
47173,1828,4461
47175,849,1293
47177,5515,8558
47179,15894,32216
47181,1355,4075
47183,4594,8853
47185,3369,6100
47187,27879,64843
47189,15462,33767
48001,4624,11855
48003,790,3815
48005,9377,19569
48007,3005,6691
48009,739,3591
48011,128,856
48013,4400,5546
48015,2819,8777
48017,680,1618
48019,2248,6934
48021,11678,13797
48023,366,1262
48025,3645,4467
48027,40185,49066
48029,275023,245932
48031,1466,3417
48033,40,316
48035,1796,5760
48037,10801,24136
48039,36461,67444
48041,20459,37403
48043,1819,1781
48045,205,616
48047,1747,556
48049,2819,12049
48051,2053,4546
48053,4596,12034
48055,5385,6084
48057,2727,4106
48059,1063,4589
48061,48401,26641
48063,1733,2794
48065,406,2547
48067,3489,8276
48069,719,1561
48071,3185,9966
48073,4605,11693
48075,497,1782
48077,1085,4213
48079,284,758
48081,297,1252
48083,643,3011
48085,108208,184116
48087,292,1052
48089,2503,5790
48091,12365,35203
48093,1339,3807
48095,257,807
48097,3051,11871
48099,6611,11537
48101,187,509
48103,319,1119
48105,512,1026
48107,684,1221
48109,510,267
48111,302,1267
48113,424468,309477
48115,1135,2894
48123,1715,4888
48117,1246,3456
48119,589,1580
48121,90830,149592
48125,234,730
48127,2692,874
48129,291,1370
48131,3298,1076
48133,1271,5163
48135,9118,26190
48137,346,673
48141,121589,61598
48139,15315,38046
48143,3126,10757
48145,1958,2975
48147,3464,8090
48149,3009,7572
48151,687,1083
48153,729,1784
48155,208,327
48157,98136,102846
48159,1094,3394
48161,2032,5201
48163,2405,1644
48165,650,3385
48167,41543,61844
48169,375,1355
48171,2570,9559
48173,52,502
48175,1329,2298
48177,2158,4062
48179,1153,6920
48181,13892,31122
48183,13130,29159
48185,2704,5561
48187,16070,30750
48189,2693,7139
48191,324,930
48193,862,2875
48195,239,1847
48197,373,1199
48199,3935,16589
48201,588611,570143
48203,8874,17085
48205,250,1711
48207,699,1388
48209,28416,29624
48211,216,1342
48213,7890,20810
48215,90122,39614
48217,3802,9220
48219,1794,5789
48221,5078,17269
48223,3528,9297
48225,2653,5869
48227,2539,7020
48229,430,458
48231,8591,20571
48233,1321,7358
48235,164,644
48237,470,2527
48239,1251,3560
48241,3636,8960
48243,467,746
48245,44854,42877
48247,1336,472
48249,6683,4825
48251,12903,36683
48253,1525,4197
48255,1710,2658
48257,11157,23727
48259,3591,12960
48261,108,93
48263,99,342
48265,5564,16729
48267,341,1487
48269,8,151
48271,633,907
48273,5251,4539
48275,366,986
48283,1051,713
48285,1867,6286
48277,5240,12940
48279,1156,3344
48281,1895,5628
48287,2000,4312
48289,1415,5563
48291,5980,15417
48293,2515,5062
48295,155,1092
48297,1038,3079
48299,2250,7279
48301,12,67
48303,30295,66028
48305,623,1469
48313,1144,2883
48315,1644,2566
48317,314,1389
48319,546,1543
48321,6682,11929
48323,8554,2316
48307,728,2263
48309,29959,49005
48311,131,400
48325,5119,10404
48327,295,712
48329,9672,36135
48331,3040,5215
48333,398,1753
48335,586,1814
48337,1594,6235
48339,36530,119542
48341,1123,4282
48343,2054,3157
48345,67,522
48347,8393,14828
48349,5399,10803
48351,1750,3440
48353,1521,3485
48355,47811,52264
48357,243,2851
48359,102,813
48361,7646,21509
48363,2499,7264
48365,2586,7582
48367,10429,36646
48369,719,2969
48371,1476,2480
48373,6215,13703
48375,8932,20741
48377,1250,489
48379,1041,3130
48381,9461,41895
48383,197,795
48385,375,1237
48387,1538,3461
48389,1605,1444
48391,1382,1853
48393,41,477
48395,2674,3979
48397,8468,23243
48399,720,3118
48401,4983,13641
48403,1077,3749
48405,1327,2338
48407,2721,6151
48409,8842,12390
48411,487,1941
48413,322,969
48415,1088,4414
48417,208,1284
48419,2546,6629
48421,78,493
48423,23628,54995
48425,798,2675
48427,8233,1488
48429,626,2869
48431,97,520
48433,206,524
48435,381,1189
48437,812,1676
48439,274101,347843
48441,12658,34265
48443,186,323
48445,1379,2863
48447,166,671
48449,3140,6023
48451,11068,27201
48453,253278,136671
48455,1924,4091
48457,2159,5633
48459,2106,5871
48461,288,898
48463,4120,4585
48465,6982,5752
48467,4503,15727
48469,9829,19876
48471,7323,11610
48473,7107,8238
48475,899,2667
48477,4031,10173
48479,33435,13111
48481,4935,9427
48483,314,1916
48485,13828,31673
48487,1196,3279
48489,3405,1454
48491,67347,87938
48493,5360,10903
48495,477,1529
48497,4469,15967
48499,3996,13638
48501,450,1989
48503,1302,5938
48505,1939,918
48507,3263,596
49001,509,1786
49003,3080,14340
49005,9806,27799
49007,3368,3960
49009,129,294
49011,28831,73317
49013,897,4592
49015,965,3338
49017,402,1663
49019,1981,1787
49021,3078,11786
49023,730,2647
49025,850,2194
49027,733,3565
49029,674,3219
49031,141,635
49033,154,829
49035,161696,163579
49037,2322,2586
49039,1449,6036
49041,1320,6222
49043,9194,6691
49045,5349,10201
49047,1407,8113
49049,26276,111273
49051,2818,5271
49053,9251,33594
49055,333,930
49057,24028,43250
50001,13232,5652
50003,12523,6116
50005,8899,5470
50007,44347,19850
50009,1731,1218
50011,13180,7853
50013,2694,1490
50015,8914,3515
50017,9777,5043
50019,7992,4478
50021,19355,11584
50023,22304,9120
50025,17580,5997
50027,21424,9072
51001,7607,7833
51003,29792,20576
51510,50473,19181
51005,3553,3715
51007,2488,3970
51009,6094,8470
51011,2641,4903
51013,78994,29876
51015,9825,23120
51017,1043,1349
51515,11017,24420
51021,864,2031
51023,5693,11471
51520,2665,4579
51025,4973,2877
51027,4063,4541
51029,3489,3428
51530,1108,1282
51031,8091,17444
51033,7163,5617
51035,4108,8186
51036,2838,1288
51037,2705,3372
51540,15705,4078
51550,53993,52624
51041,74310,86413
51043,3457,3840
51570,2562,6161
51580,1304,1020
51045,876,1695
51047,8802,10711
51049,2255,2418
51590,12352,8361
51051,3278,3324
51053,6246,6526
51595,1702,897
51057,2934,2379
51600,310359,200994
51610,4695,1970
51061,14616,19227
51063,2937,4441
51065,6185,6420
51620,9618,15414
51069,12961,20149
51630,6155,3413
51640,1052,1317
51071,3192,4462
51073,6916,12089
51075,4813,7643
51077,2480,4540
51079,3174,4980
51081,3122,1729
51083,8126,8600
51650,46917,20476
51085,18447,37344
51660,8444,6048
51087,86262,67340
51089,11118,13758
51091,590,930
51670,5285,4149
51093,8573,11258
51095,17352,20912
51097,1918,1763
51099,4473,5888
51101,3344,4966
51103,3235,3647
51105,3219,5825
51678,1540,914
51107,74607,63328
51109,6978,8182
51111,2703,2900
51680,16269,17638
51113,2862,3758
51683,7518,5975
51685,2463,1634
51690,4139,2311
51115,1943,3456
51117,7127,7817
51119,2391,3545
51121,21027,19026
51125,4391,3647
51127,3493,6385
51700,51972,28667
51710,62819,24814
51131,3800,2713
51133,3312,4041
51720,743,744
51135,3413,3499
51137,7107,8506
51139,4235,6041
51141,2879,5491
51730,13774,1583
51143,11401,18724
51735,1748,5229
51740,32322,13983
51145,4237,10088
51147,5101,4174
51149,7130,8752
51153,93386,67589
51155,5918,8857
51750,2930,2418
51157,2105,2227
51760,1618,2092
51760,73180,18472
51770,19812,30571
51770,24934,15394
51163,4347,5732
51165,10453,22468
51167,4931,6389
51775,5164,7088
51169,2725,6980
51171,6903,11995
51173,4239,7817
51175,4402,4583
51177,24897,28610
51179,25716,29221
51790,5569,5330
51800,22233,18592
51181,2626,1663
51183,3301,2026
51185,5596,11201
51810,98763,100225
51187,6997,8879
51191,8063,16077
51820,3906,4815
51193,4577,3719
51830,4328,2353
51840,5268,4725
51195,4995,8914
51197,4107,8207
51199,13700,19833
53001,1346,2822
53003,4114,5407
53005,23366,40244
53007,13678,17484
53009,17512,15978
53011,93541,82631
53013,667,1447
53015,18944,13969
53017,4631,7048
53019,1386,1817
53021,6536,10787
53023,384,966
53025,9364,16756
53027,15759,11614
53029,21688,19070
53031,12914,6195
53033,545329,217589
53035,61255,47456
53037,7887,9320
53039,4871,4868
53041,11719,17293
53043,2024,3794
53045,14934,12512
53047,6163,6942
53049,6066,4531
53051,2546,3704
53053,143491,111851
53055,7172,2889
53057,28145,23031
53059,2797,2513
53061,177471,120064
53063,102164,105059
53065,6386,9308
53067,69999,44565
53069,1112,1100
53071,7539,10632
53073,53313,36635
53075,6935,6408
53077,32484,40877
54001,2415,3678
54003,15945,20779
54005,4490,3603
54007,2691,2618
54009,4666,4932
54011,15110,18571
54013,976,1345
54015,1417,1748
54017,732,2205
54019,7134,7578
54021,1117,1578
54023,987,3150
54025,5561,7347
54027,2968,5197
54029,5285,7257
54031,1880,3360
54033,13488,17715
54035,4821,7066
54037,11606,10526
54039,40148,40588
54041,2096,4312
54043,2972,3556
54045,4862,6297
54049,11507,11389
54051,5943,7709
54053,4444,5822
54047,3410,2852
54055,7388,13167
54057,3717,7546
54059,3567,4565
54061,16853,15612
54063,1969,3344
54065,2704,4408
54067,6007,6115
54069,8481,10590
54071,1049,1605
54073,1127,1753
54075,1538,1993
54077,4190,7299
54079,9424,15295
54081,10115,17358
54083,4527,6051
54085,989,2753
54087,2506,2936
54089,2276,2875
54091,2420,3518
54093,1280,2118
54095,1234,2390
54097,2896,5870
54099,6101,8890
54101,1543,1374
54103,2919,3318
54105,777,1482
54107,12446,22670
54109,2724,4605
55001,5808,3976
55003,5697,2507
55005,12076,10456
55007,5978,3316
55009,67241,55827
55011,3979,2946
55013,4337,4200
55015,13296,12720
55017,16236,13489
55019,7450,6337
55021,16658,12189
55023,5124,2905
55025,202812,71829
55027,19178,23013
55029,10142,7112
55031,15827,7833
55033,13055,9616
55035,33143,20944
55037,1134,1512
55039,23457,28155
55041,2671,1960
55043,14911,9109
55045,11499,6730
55047,3998,5392
55049,8076,3915
55051,1915,1470
55053,5572,3550
55055,21448,21095
55057,6209,5187
55059,45615,31237
55061,5902,4711
55063,38514,23698
55065,4732,2984
55067,5182,5081
55069,8419,6510
55071,22421,19231
55073,36363,30339
55075,11124,9705
55077,4051,3625
55078,1257,185
55079,316916,147573
55081,10178,8657
55083,9926,8754
55085,11905,9627
55087,50255,39641
55089,20570,32160
55091,2101,1615
55093,11695,9715
55095,10876,11282
55097,24815,13807
55099,4559,3458
55101,53405,45941
55103,5072,3348
55105,50515,27356
55107,3855,3253
55111,18606,11567
55113,4763,4199
55115,10192,9381
55117,30392,30796
55109,20989,22657
55119,4560,4586
55121,8320,4807
55123,8478,5377
55125,6490,7054
55127,24176,25482
55129,4716,4259
55131,25713,47725
55133,85248,145089
55135,12952,12131
55137,5868,5769
55139,48156,37943
55141,21705,16576
56001,8618,7981
56003,1108,4043
56005,2986,13001
56007,2336,4331
56009,1380,4924
56011,612,2967
56013,6016,11082
56015,1832,3942
56017,618,1834
56019,908,3334
56021,16070,24549
56023,1823,6485
56025,8144,17573
56027,244,1017
56029,3757,10838
56031,1407,2993
56033,4450,10169
56035,936,3316
56037,5762,10360
56039,7472,4567
56041,2317,5759
56043,1042,2956
56045,658,2618
