FIPS,Dems,Repub
0,91696,121234
2000,91696,121234
0,793620,1252453
1001,6354,17366
1003,18329,65772
1005,5873,5539
1007,2200,6131
1009,2961,20741
1011,4058,1250
1013,4367,5081
1015,15500,30272
1017,6853,7596
1019,2126,7494
1021,3391,13910
1023,3785,4150
1025,6317,7463
1027,1770,4802
1029,971,5269
1031,4899,14638
1033,9160,13931
1035,3551,3434
1037,2188,3028
1039,3155,12148
1041,2048,4326
1043,4855,27930
1045,5283,13105
1047,14599,6284
1049,5235,18316
1051,8940,26223
1053,5476,9263
1055,12792,29102
1057,1803,6034
1059,3171,7567
1061,2039,9173
1063,4514,799
1065,5401,3205
1067,3046,5605
1069,12348,29214
1071,5817,14422
1073,159658,141413
1075,1643,5453
1077,12504,23902
1079,5055,8855
1081,21274,32062
1083,9809,25263
1085,5747,1754
1087,9045,1322
1089,61802,90679
1091,6154,5321
1093,2249,9696
1095,6271,25785
1097,78417,94566
1099,4897,5730
1101,62993,38283
1103,13401,35309
1105,4536,1504
1107,4448,5119
1109,6009,7939
1111,3076,7219
1113,10495,8276
1115,5790,29001
1117,19944,71243
1119,5420,1585
1121,13878,19217
1123,6252,12303
1125,32003,45703
1127,6551,21633
1129,2971,5749
1131,4867,1676
1133,1286,8310
0,391953,643717
5001,2454,3892
5003,2855,4866
5005,5172,13688
5007,22144,53477
5009,3762,11143
5011,1447,2118
5013,660,1458
5015,3691,6121
5017,2649,1670
5019,3808,4343
5021,1738,3225
5023,2618,8691
5025,845,2313
5027,3557,5790
5029,3003,4511
5031,10351,20044
5033,4872,15125
5035,9092,6192
5037,2279,4268
5039,1337,1664
5041,2353,1807
5043,2627,3883
5045,13559,26653
5047,1725,4631
5049,1452,2949
5051,13317,25031
5053,1467,4829
5055,3998,9066
5057,2466,4284
5059,3824,7087
5061,1460,2862
5063,3279,8724
5065,1563,3571
5067,2093,3065
5069,17456,9515
5071,2785,5045
5073,1173,1712
5075,1786,3535
5077,2107,1280
5079,1424,2199
5081,1552,3385
5083,2009,5078
5085,5612,17863
5087,2099,4262
5089,2024,4771
5091,4518,10622
5093,6445,6599
5095,1583,1585
5097,920,2368
5099,1314,1996
5101,993,2508
5103,4626,5516
5105,1187,2580
5107,5179,2591
5109,850,2847
5111,2387,4967
5113,1556,5950
5115,5108,14733
5117,877,2149
5119,87055,68856
5121,2040,3699
5123,4652,3287
5125,12868,32962
5127,895,2630
5129,814,2699
5131,13083,29158
5133,1042,3135
5135,2092,4920
5137,1356,3773
5139,6182,10696
5141,1826,4362
5143,28136,39570
5145,5765,20005
5147,1340,1227
5149,1720,4041
0,900081,1107130
4001,16833,8198
4003,16223,26742
4005,26316,19368
4007,6650,11525
4009,3608,8076
4011,1310,1590
4012,1619,3205
4013,512008,654835
4015,18324,46442
4017,16157,19155
4019,183470,162927
4021,41428,58947
4023,9486,4235
4025,32624,62385
4027,14025,19500
0,6241648,4046524
6001,438091,104330
6003,389,236
6005,6001,8903
6007,32567,35312
6009,7404,10537
6011,2248,3521
6013,230826,112547
6015,3396,4256
6017,34033,49661
6019,85862,91143
6021,3276,5608
6023,27757,15653
6025,17464,9545
6027,2775,3541
6029,64690,99840
6031,12282,17184
6033,9159,6474
6035,3044,7261
6037,1672164,699600
6039,12698,18990
6041,73450,23347
6043,3080,4434
6045,11869,5129
6047,26128,23403
6049,1113,2779
6051,2574,2202
6053,51712,25087
6055,19964,11647
6057,14261,15696
6059,457077,541592
6061,49126,74460
6063,3670,5240
6065,287754,290227
6067,221063,157688
6069,8617,6052
6071,274203,245468
6073,478386,431046
6075,267857,42654
6077,80005,66742
6079,57655,56500
6081,151036,56244
6083,84279,59096
6085,343239,136347
6087,61106,17132
6089,18184,34561
6091,652,1056
6093,7110,9844
6095,87225,48364
6097,124504,45666
6099,70609,69549
6101,8004,12576
6103,6032,10791
6105,2367,2422
6107,29191,42186
6109,9628,13410
6111,138119,123919
6113,38856,19080
6115,5817,8746
0,5807,1238490
8001,523,90843
8003,31,3782
8005,560,135433
8007,23,2637
8009,19,462
8011,8,778
8013,252,120485
8014,76,16653
8015,33,4967
8017,6,162
8019,13,3041
8021,11,2180
8023,14,1317
8025,8,535
8027,9,862
8029,58,4542
8031,387,209759
8033,6,329
8035,200,54093
8037,23,12598
8039,43,3542
8041,764,104989
8043,88,6644
8045,53,10989
8047,8,1854
8049,23,3575
8051,21,4563
8053,4,228
8055,12,1897
8057,5,216
8059,598,153069
8061,3,118
8063,12,789
8065,16,1807
8067,55,15063
8069,409,83103
8071,15,3282
8073,9,537
8075,45,2675
8077,185,22448
8079,1,291
8081,25,1291
8083,33,4486
8085,73,5852
8087,51,3761
8089,36,3566
8091,10,1640
8093,48,3721
8095,4,588
8097,7,6648
8099,13,1498
8101,233,40624
8103,15,561
8105,25,2428
8107,18,7389
8109,10,1762
8111,3,266
8113,12,2961
8115,5,419
8117,21,9169
8119,40,3894
8121,9,461
8123,469,47418
8125,18,950
0,631432,912531
9013,724,904
9009,2596,4273
9015,803,1331
9003,5537,6305
9005,1033,1033
9009,1598,1300
9003,5361,5499
9009,1536,1615
9001,4445,4777
9005,1272,894
9003,1925,9917
9013,1434,1433
9011,606,648
9009,5817,8301
9001,5168,32135
9005,641,529
9003,10548,13283
9001,4941,3916
9015,1570,1743
9003,2683,2357
9005,210,384
9015,1294,1197
9003,2742,2967
9015,466,584
9009,7271,7355
9007,707,1380
9007,2926,3607
9011,3579,4125
9005,462,380
9013,1316,1714
9005,250,629
9013,2621,3538
9007,3193,4063
9001,10590,15290
9001,6220,3182
9007,932,1479
9009,2032,2597
9007,1985,2013
9015,465,464
9003,1448,1389
9007,2109,2471
9007,3138,3509
9003,4272,13000
9009,4650,6533
9011,3450,4808
9001,2380,1841
9003,2250,3072
9013,3894,3598
9003,7703,10145
9007,1701,2230
9001,14352,15282
9003,6610,7012
9011,516,519
9003,8809,10135
9005,1017,749
9003,3221,3079
9001,14368,11137
9011,2166,2581
9011,5367,8384
9009,5170,7411
9007,2230,2346
9009,7482,19181
9015,413,601
9003,2138,31735
9003,778,414
9005,1924,1260
9013,2471,2606
9005,606,1080
9015,2653,3255
9007,1840,1921
9011,1685,1878
9011,3209,3564
9011,890,1125
9005,2403,2151
9011,593,856
9009,5193,5293
9003,7961,15565
9013,2193,6941
9003,1668,1791
9009,6880,14886
9009,2865,1675
9007,1168,1334
9007,6105,13830
9009,11461,13668
9001,5757,4446
9011,3115,4014
9005,747,542
9009,5807,5923
9003,4782,16051
9001,6966,3804
9001,4288,3323
9005,2056,1759
9009,4430,39865
9003,5752,8792
9011,1654,6710
9005,6330,6640
9001,7591,6822
9005,384,556
9009,3290,3375
9005,552,706
9009,5990,6376
9011,1279,1383
9001,12773,22369
9011,4144,8542
9011,1958,2561
9007,2753,3101
9009,4206,3607
9009,3905,2599
9015,2378,2957
9003,3320,4545
9005,2713,2553
9015,1012,1103
9007,2141,2664
9011,1186,1165
9009,3235,1839
9015,1507,1839
9001,2503,2787
9001,7360,6461
9003,4029,5173
9005,706,758
9011,996,1098
9005,659,1552
9015,415,408
9009,3630,3447
9005,519,902
9001,10327,8362
9001,1049,1020
9003,6710,6853
9013,2837,2055
9009,5626,4424
9003,10452,10727
9003,5774,7708
9011,655,724
9013,2491,3018
9001,17473,29623
9015,711,655
9011,3884,5642
9001,9324,13483
9003,3863,3332
9005,2144,1556
9015,1993,1977
9013,3840,4135
9005,7320,6843
9001,9986,8703
9013,250,257
9013,5079,7546
9011,600,610
9009,9259,11559
9005,407,404
9005,824,1237
9009,11043,32495
9011,4183,5573
9005,6581,4091
9007,1605,1903
9003,10538,21080
9009,5789,14286
9001,2514,2911
9001,6439,8494
9003,6015,7753
9013,1241,1538
9001,5424,4589
9005,2389,2201
9015,1944,5818
9003,4305,11461
9003,2454,3174
9009,5077,3139
9009,2104,3018
9005,3058,2434
9015,2134,2021
0,222332,17337
11001,222332,17337
0,242547,165476
10001,35525,32134
10003,167051,81226
10005,39971,52116
0,4162081,4235270
12001,48765,69634
12003,8974,2310
12005,56863,22037
12007,8216,3324
12009,159270,122972
12011,243732,507430
12013,4366,1664
12015,47988,35896
12017,44657,28453
12019,69996,25745
12021,96508,51678
12023,18429,8462
12027,5587,4174
12029,5052,1798
12031,211553,196657
12033,88671,58154
12035,26966,23204
12037,3570,1845
12039,6628,15768
12041,5917,1885
12043,2344,1603
12045,4995,2013
12047,3137,2226
12049,4694,2461
12051,5355,4751
12053,44906,37791
12055,25912,16147
12057,249904,286158
12059,6919,1264
12061,43441,27483
12063,13417,7342
12065,3808,3945
12067,2668,687
12069,87637,61790
12071,154112,110080
12073,55806,90863
12075,12052,6118
12077,2301,942
12079,4474,4174
12081,85616,66476
12083,93036,66823
12085,48180,30097
12086,332602,540776
12087,19234,19392
12089,29926,10249
12091,70143,23390
12093,7325,4856
12095,189057,274227
12097,40581,67201
12099,247257,349418
12101,112335,98148
12103,213192,238966
12105,131566,114610
12107,19326,11666
12109,78490,35155
12111,56202,65869
12113,58169,17757
12115,110489,95089
12117,109939,96435
12119,40644,19519
12121,12672,4749
12123,6249,2761
12125,3980,1339
12127,117473,114716
12129,9288,5173
12131,21483,6665
12133,8037,2820
0,2070221,1761761
13001,5231,1756
13003,1938,930
13005,3092,791
13007,784,790
13009,7585,8469
13011,5353,779
13013,18719,6019
13015,26847,8383
13017,3395,2508
13019,4837,1268
13021,25606,38538
13023,3586,1266
13025,4963,939
13027,3522,3101
13029,9537,3695
13031,14159,9572
13033,4298,5403
13035,6306,2966
13037,883,1297
13039,11318,6358
13043,2344,1155
13045,28249,12635
13047,17848,5357
13049,2527,1197
13051,47083,60077
13053,732,726
13055,5434,2220
13057,76473,19813
13059,13804,25386
13061,537,862
13063,14158,81439
13065,1598,852
13067,171464,132526
13069,9242,5048
13071,9240,3971
13073,41724,16420
13075,3934,2042
13077,39633,15156
13079,3366,1699
13081,4179,3160
13083,4458,1404
13085,8843,1241
13087,5816,4580
13089,64308,237704
13091,5214,2440
13093,1983,2278
13095,11441,26209
13097,26226,28410
13099,2556,2762
13101,917,173
13103,15591,4941
13105,4857,3179
13107,5086,2919
13109,2267,1266
13111,7853,2027
13113,38046,19703
13115,22636,9595
13117,65853,14544
13119,6112,1499
13121,133837,248479
13123,8920,1955
13125,1135,176
13127,20853,11922
13129,13174,3436
13131,5922,3419
13133,5067,3195
13135,159563,131879
13137,12148,2297
13139,45918,12489
13141,764,3301
13143,8439,1787
13145,11193,4141
13147,6516,2869
13149,3155,947
13151,46299,43374
13153,34631,22643
13155,2519,1134
13157,19122,4236
13159,4121,1839
13161,3994,1271
13163,2992,4238
13165,1884,1487
13167,2440,1305
13169,7740,4272
13171,4896,2602
13173,1812,1108
13175,11947,7508
13177,10310,3187
13179,5558,10427
13181,2806,1586
13183,2300,1434
13185,21176,17118
13187,8633,2049
13193,1545,3211
13195,8441,2486
13197,1731,1411
13189,5475,4041
13191,3405,2860
13199,4855,4328
13201,1904,848
13205,4153,4081
13207,8352,3779
13209,2662,1135
13211,6178,2751
13213,8439,2542
13215,27469,42458
13217,20979,21844
13219,12222,4140
13221,4250,1913
13223,40771,15779
13225,5280,6141
13227,10547,1975
13229,5666,1124
13231,6660,1355
13233,9798,3608
13235,2444,1219
13237,6210,2917
13239,510,612
13241,5753,1558
13243,1249,1749
13245,25821,52461
13247,15671,21878
13249,1286,448
13251,3285,2769
13253,2244,1475
13255,14901,9884
13257,7207,2123
13259,740,1307
13261,5372,6370
13263,1202,2264
13265,321,636
13267,4702,1894
13269,1948,1571
13271,2479,1804
13273,1834,2544
13275,11153,7651
13277,9171,4640
13279,6519,2740
13281,4834,1265
13283,1646,1068
13285,15170,10545
13287,2027,1508
13289,1905,2269
13291,8771,2137
13293,7229,3955
13295,16245,5269
13297,29018,8139
13299,7933,3892
13301,990,1525
13303,4033,4705
13305,7553,2594
13307,598,573
13309,1366,772
13311,8647,1670
13313,19290,7193
13315,2050,1059
13317,2628,2080
13319,2245,2180
13321,5864,2486
0,303090,119494
15001,46670,14541
15003,201803,87255
15007,18638,6121
15009,35979,11577
0,816429,727928
19001,1788,2110
19003,1018,1103
19005,3511,3230
19007,2934,3153
19009,1608,1800
19011,6850,6935
19013,39338,26078
19015,7457,6540
19017,6710,6383
19019,5903,4443
19021,3683,4548
19023,3321,4104
19025,2232,2890
19027,4912,5577
19029,2856,4212
19031,4931,4510
19033,13204,10084
19035,2623,3656
19037,3552,2836
19039,2187,2124
19041,3363,4934
19043,4768,4146
19045,15123,9423
19047,3035,3584
19049,16466,20921
19051,1518,2133
19053,1790,1945
19055,4605,4628
19057,11873,8130
19059,4088,5911
19061,28600,21265
19063,2087,2499
19065,5709,4484
19067,4674,3466
19069,2256,2818
19071,1636,1971
19073,2369,2373
19075,2615,4205
19077,2565,3164
19079,3776,3986
19081,2506,3306
19083,4021,4647
19085,3131,4059
19087,4451,5025
19089,2767,1793
19091,1967,3099
19093,1317,2276
19095,4118,4551
19097,5877,4171
19099,10240,8868
19101,4772,3429
19103,50090,23556
19105,5514,4712
19107,2298,2840
19109,3824,4914
19111,9428,6787
19113,68028,47427
19115,2449,2416
19117,1977,2248
19119,1416,4965
19121,3508,4492
19123,4207,6420
19125,7478,9810
19127,10085,8411
19129,2842,4211
19131,2831,2643
19133,2098,2555
19135,1729,2022
19137,1919,2999
19139,11213,8152
19141,1964,5259
19143,909,2225
19145,2588,4338
19147,2124,2649
19149,4148,8577
19151,1518,2388
19153,128264,96029
19155,19347,21751
19157,5307,4409
19159,1181,1366
19161,2117,3086
19163,50581,38223
19165,2468,3903
19167,2683,14361
19169,25940,19557
19171,4737,4076
19173,1261,1680
19175,3029,2800
19177,1398,2058
19179,8616,6777
19181,12521,13031
19183,5081,5540
19185,1251,1583
19187,9458,8453
19189,2895,2897
19191,6245,4618
19193,22026,22136
19195,2343,1743
19197,2794,3309
0,212560,420750
16001,77043,97471
16003,577,1413
16005,13214,21010
16007,302,2489
16009,1164,2596
16011,3822,13440
16013,5992,3939
16015,953,2284
16017,6500,11367
16019,9929,32336
16021,1225,3138
16023,258,1001
16025,159,402
16027,19866,44369
16029,385,2608
16031,1093,7150
16033,66,235
16035,1032,2541
16037,530,1744
16039,2513,5227
16041,325,5195
16043,810,4907
16045,1957,5311
16047,1287,3696
16049,1722,5821
16051,1303,9895
16053,1699,4804
16055,18824,39347
16057,8306,7589
16059,960,3029
16061,396,1173
16063,429,1141
16065,832,13445
16067,1390,5442
16069,6451,9967
16071,217,1838
16073,833,2794
16075,2271,6004
16077,982,1870
16079,2277,2699
16081,1926,2458
16083,7541,19773
16085,2095,2664
16087,1104,3128
0,2916811,2090116
17001,9627,20371
17003,1961,1485
17005,3016,4091
17007,9868,11084
17009,787,1511
17011,8118,8151
17013,1079,1439
17015,3658,3551
17017,2050,2707
17019,40378,35086
17021,5487,8873
17023,2587,5138
17025,1581,4184
17027,5577,10493
17029,9252,11623
17031,1439123,479204
17033,2855,5577
17035,1640,3506
17037,21171,18906
17039,2598,4576
17041,2426,5331
17043,197411,193333
17045,2563,5125
17047,754,2402
17049,3855,12491
17051,2848,5950
17053,1654,4225
17055,7245,10253
17057,8324,6622
17059,1028,1492
17061,2023,3446
17063,9319,11198
17065,1266,2566
17067,3246,4810
17069,742,1535
17071,1977,1538
17073,12316,11564
17075,3408,9115
17077,11306,9130
17079,1434,3511
17081,6080,9805
17083,3656,6032
17085,5660,5529
17087,1571,3959
17089,91120,89502
17091,21574,23115
17093,21219,23076
17095,12993,9133
17097,151552,128609
17099,23023,23207
17101,2010,3853
17103,6932,8046
17105,5014,9745
17107,3974,7835
17109,5957,6142
17111,59691,71488
17113,31590,39638
17115,22688,25249
17117,9440,10909
17119,58813,60481
17121,6210,9229
17123,2452,3287
17125,2867,3265
17127,2092,4278
17129,2095,3944
17131,4503,3874
17133,6205,10879
17135,5053,6771
17137,5792,7962
17139,2142,3781
17141,9504,13409
17143,40050,36617
17145,3813,5497
17147,3081,5412
17149,2276,4853
17151,649,1511
17153,1389,1562
17155,1558,1500
17157,5753,8284
17159,2360,4750
17161,39081,24888
17163,66749,49610
17165,3697,6803
17167,41961,50131
17169,1726,2062
17171,910,1586
17173,3336,6837
17175,1095,1527
17177,7954,8742
17179,24385,35266
17181,3135,4951
17183,10773,14888
17185,1588,3473
17187,3893,3460
17189,2448,4787
17191,1514,5984
17193,2187,4729
17195,12393,8676
17197,127522,118366
17199,10622,17880
17201,60334,53722
17203,5564,12947
0,1140425,1412620
18001,3800,8936
18003,59834,84378
18005,10622,18083
18007,1159,2329
18009,1927,2710
18011,8326,18807
18013,3056,4330
18015,2631,4993
18017,5365,8432
18019,20775,25422
18021,3630,7065
18023,3307,6338
18025,2040,2418
18027,2437,7638
18029,6527,15391
18031,2941,7119
18033,5419,10586
18035,22630,21231
18037,6522,11654
18039,24376,42348
18041,3553,5044
18043,14805,19868
18045,2233,4660
18047,2907,7421
18049,2621,5315
18051,4928,9487
18053,9589,15148
18055,4340,8457
18057,43794,90740
18059,9303,22750
18061,6600,10629
18063,21100,44308
18065,7613,10836
18067,15097,20284
18069,4596,10862
18071,5838,10419
18073,4672,7955
18075,3063,4643
18077,5728,7096
18079,3818,6112
18081,17080,39136
18083,5228,9612
18085,6862,22553
18087,2897,6227
18089,130824,68397
18091,24104,18609
18093,5779,11622
18095,24404,26755
18097,215474,136131
18099,6136,11260
18101,1351,3262
18103,4220,8163
18105,22885,16254
18107,4244,9768
18109,7969,19591
18111,2212,3291
18113,5229,10680
18115,992,1757
18117,2939,4615
18119,2823,5062
18121,2106,4228
18123,4314,3403
18125,2125,3627
18127,36950,34197
18129,4531,7427
18131,1899,3366
18133,4504,9004
18135,3768,6218
18137,3241,7484
18139,2221,4633
18141,56458,52575
18143,3998,4539
18145,5357,10972
18147,4026,5515
18149,3809,4738
18151,4846,8542
18153,3191,4902
18155,1437,1872
18157,26642,28708
18159,2432,4773
18161,1018,2022
18163,31659,39504
18165,2979,3426
18167,19707,19368
18169,3929,8528
18171,1324,2377
18173,8791,15350
18175,3909,6532
18177,10591,14321
18179,3434,9255
18181,3635,5970
18183,4420,10257
0,427918,678719
20001,1842,3261
20003,937,2246
20005,2486,3836
20007,473,1753
20009,2693,9132
20011,1951,4022
20013,1039,2738
20015,7124,17764
20017,343,857
20019,259,1201
20021,2868,5345
20023,231,1157
20025,171,791
20027,811,2715
20029,951,2886
20031,884,2860
20033,141,756
20035,4219,7932
20037,6545,7480
20039,266,1219
20041,1962,5709
20043,885,2397
20045,28012,17028
20047,291,1048
20049,277,1040
20051,3464,9057
20053,696,1905
20055,2307,5108
20057,2468,5459
20059,3611,6893
20061,3158,4242
20063,174,1155
20065,248,1044
20067,437,1742
20069,304,1568
20071,112,539
20073,653,1986
20075,159,678
20077,536,1723
20079,5162,8352
20081,202,1131
20083,178,857
20085,1870,3476
20087,2883,4647
20089,225,1220
20091,107651,155442
20093,261,1060
20095,731,2371
20097,160,970
20099,3074,4668
20101,170,732
20103,11072,16825
20105,284,1148
20107,1108,3079
20109,194,1084
20111,4972,6358
20113,3384,8399
20115,1371,3865
20117,1451,3123
20119,254,1394
20121,4635,9726
20123,576,2293
20125,3406,8417
20127,705,1750
20129,180,1050
20131,988,3878
20133,2012,4193
20135,211,1190
20137,393,1855
20139,2228,4336
20141,320,1448
20143,548,2260
20145,704,1808
20147,376,2116
20149,2291,6692
20151,974,2730
20153,184,1207
20155,7888,15398
20157,470,2098
20159,899,2631
20161,8587,11157
20163,398,2159
20165,361,1151
20167,584,2505
20169,6910,13697
20171,271,1702
20173,69373,104411
20175,1393,3495
20177,35959,37226
20179,165,1136
20181,575,1967
20183,345,1598
20185,403,1382
20187,135,571
20189,241,1724
20191,2617,6162
20193,576,2729
20195,289,1230
20197,908,2230
20199,68,702
20201,515,2300
20203,157,821
20205,813,2812
20207,377,1030
20209,33265,15273
0,679340,1087127
21001,1660,5841
21003,1808,5184
21005,3315,6822
21007,1189,2647
21009,5400,10922
21011,1770,2275
21013,2224,7127
21015,15628,35920
21017,3075,4692
21019,7776,10883
21021,4471,7703
21023,1147,2029
21025,1562,3318
21027,2825,5025
21029,9971,21306
21031,1293,3716
21033,1852,3904
21035,5314,9438
21037,15080,24240
21039,750,1835
21041,1629,1999
21043,3383,5279
21045,1086,4904
21047,8252,13475
21049,5228,9931
21051,1111,6176
21053,752,3569
21055,960,2839
21057,599,2216
21059,16208,25092
21061,1374,3232
21063,1186,1126
21065,1356,3749
21067,62078,60793
21069,1911,3780
21071,4733,9784
21073,11535,11345
21075,1022,1425
21077,1238,1758
21079,1661,5310
21081,2810,5664
21083,4547,10699
21085,2744,6404
21087,1165,3634
21089,6027,8855
21091,1833,2212
21093,15214,23357
21095,1830,8653
21097,2471,4556
21099,2283,4256
21101,8091,10296
21103,2529,3940
21105,686,1431
21107,5789,13681
21109,612,4365
21111,186164,148415
21113,6001,14232
21115,1723,7095
21117,24917,41387
21119,1420,4130
21121,2484,8467
21123,1733,3911
21125,3905,18151
21127,1520,3995
21129,595,1977
21131,433,4439
21133,1702,6811
21135,1342,3326
21137,2582,6416
21139,1346,3089
21141,3469,6899
21143,1373,2412
21145,10062,19979
21147,1069,4564
21149,1432,2705
21151,11512,21128
21153,1433,3391
21155,3418,3800
21157,5022,10402
21159,574,3180
21161,2592,4197
21163,4122,6606
21165,1048,1484
21167,2966,6820
21169,1425,2676
21171,936,3762
21173,3701,6398
21175,1369,3021
21177,4771,7762
21179,7611,10673
21181,948,1583
21183,2987,6470
21185,9240,20179
21187,1501,2971
21189,283,1279
21191,1859,3556
21193,2047,8040
21195,5645,17589
21197,1620,2726
21199,4976,20714
21201,340,579
21203,1097,5028
21205,3438,4035
21207,1445,6346
21209,7532,12679
21211,6634,11790
21213,2650,4355
21215,2549,5726
21217,3284,7551
21219,1403,3247
21221,2115,4520
21223,1355,2133
21225,1941,3952
21227,16805,26384
21229,1669,3495
21231,1855,5289
21233,1765,3607
21235,2683,10232
21237,976,1542
21239,4883,7218
0,808496,1152460
22001,6559,19931
22003,2616,6495
22005,16343,33846
22007,4754,6082
22009,6075,10667
22011,2827,11111
22013,3490,3641
22015,12955,34986
22017,57879,52378
22019,28357,51844
22021,1016,3640
22023,408,3260
22025,1408,2744
22027,3014,3649
22029,3833,5450
22031,5552,7353
22033,102460,92235
22035,2244,1122
22037,4648,5397
22039,5330,10176
22041,2921,6294
22043,1421,7082
22045,12129,20890
22047,9548,7271
22049,2305,5132
22051,70000,102325
22053,3483,10014
22055,31766,64989
22057,9543,28332
22059,764,5726
22061,7947,10731
22063,7448,45488
22065,3154,2000
22067,5887,6591
22069,7941,9077
22071,126199,27967
22073,26629,40927
22075,3597,6469
22077,5436,6548
22079,20040,37187
22081,2253,2483
22083,4074,7316
22085,2194,7735
22087,5052,8497
22089,8894,15936
22091,4233,2756
22093,7055,5209
22095,13178,7620
22097,19668,21475
22099,9419,15653
22101,9448,13883
22103,25723,84710
22105,17720,31583
22107,1564,1230
22109,12071,29500
22111,3075,7561
22113,5718,18909
22115,3173,12146
22117,6351,11470
22119,6802,11397
22121,5692,6920
22123,853,3628
22125,2441,3257
22127,1919,4539
0,1901276,1178245
25023,4104,4051
25017,7779,3851
25005,3021,2183
25003,3010,818
25013,7288,6870
25003,233,64
25009,4817,3446
25015,12316,1872
25009,9287,9053
25007,251,38
25017,18580,6659
25027,1621,1529
25017,827,961
25011,892,187
25017,4954,3407
25027,2525,2070
25005,10369,8406
25027,4495,4116
25021,1221,1131
25017,2023,1557
25001,12842,12290
25027,1343,1279
25003,684,259
25017,4436,3046
25015,4542,2886
25021,4256,1119
25017,9108,4728
25005,1569,1686
25027,917,830
25011,809,329
25009,12075,8304
25017,9774,9925
25027,2221,2027
25013,300,348
25027,1537,1457
25025,196096,48227
25001,4719,5252
25017,1737,1134
25009,2049,3032
25027,1284,1341
25021,10015,9217
25001,3669,2748
25023,5774,6089
25013,897,1094
25023,25140,8668
25027,822,853
25021,21761,5717
25011,750,252
25017,6971,6187
25017,41991,5340
25021,6430,5752
25017,1959,1318
25023,2870,3107
25011,456,166
25027,2910,3660
25001,2287,2278
25017,9606,9534
25025,6760,1510
25003,1216,493
25013,331,305
25015,455,228
25013,14292,8237
25007,585,127
25003,613,232
25027,3492,2451
25021,2226,2595
25011,618,232
25017,7282,3509
25011,926,288
25015,368,139
25003,2433,888
25009,7344,6984
25005,9817,5964
25021,7718,5719
25011,2103,839
25001,4892,4244
25005,1743,1842
25027,1894,2542
25021,1531,2004
25017,6925,8026
25027,2466,2544
25017,819,1034
25023,4244,5325
25023,3340,3867
25027,469,662
25001,2187,1446
25015,6281,2463
25013,4085,4523
25005,5690,6162
25007,1699,827
25003,676,151
25011,557,200
25009,1154,962
25017,9392,3582
25005,5019,3082
25005,21724,7323
25001,11013,8130
25027,8504,5574
25003,254,127
25021,4745,4798
25017,18340,8938
25021,8589,8549
25005,2301,2241
25027,4687,3323
25009,2272,2577
25011,646,212
25009,9680,5511
25015,395,198
25007,49,36
25027,4853,4427
25015,1862,1570
25013,374,502
25003,2916,595
25011,6175,1891
25017,3201,2806
25009,1824,2080
25015,2119,886
25023,997,2065
25009,2163,2204
25013,1286,1569
25003,228,142
25023,3342,4910
25023,2512,2999
25027,710,559
25027,2166,1362
25001,4376,3607
25015,1362,638
25009,15342,11758
25011,126,65
25011,292,124
25023,6750,7231
25003,728,297
25021,3024,2402
25027,5055,5294
25013,593,690
25017,4621,3502
25013,12492,3639
25027,1698,1527
25017,4197,4334
25027,1160,1381
25017,5642,4183
25023,3576,2417
25015,554,479
25009,4417,3742
25023,3176,3724
25023,2411,3301
25027,1724,1914
25003,1144,430
25009,18240,3459
25003,2150,713
25027,2744,2667
25003,2318,675
25027,9769,8540
25011,987,183
25017,12675,5287
25011,339,115
25017,2558,1055
25017,2915,2357
25013,4851,3662
25017,22597,10586
25013,5233,4295
25027,2748,3038
25009,22965,8463
25009,2773,4419
25017,14940,5714
25009,1886,1539
25005,5910,5855
25009,6824,5422
25023,1725,1456
25017,9576,6867
25023,7041,7866
25001,4133,4058
25023,2041,1855
25017,3635,2023
25021,3448,3864
25017,18613,8294
25021,3615,3519
25017,9289,5936
25027,1517,1840
25009,1844,1657
25009,11048,10168
25023,5192,6029
25015,202,77
25009,1909,2651
25027,7129,5504
25027,3410,3262
25021,2421,2232
25027,717,813
25021,9499,6122
25011,32,21
25013,2176,2032
25011,3213,873
25003,417,97
25013,220,274
25003,83,19
25009,1371,897
25019,3828,2185
25017,11600,6757
25021,10207,6513
25003,107,40
25005,25205,7541
25027,283,257
25009,2272,2100
25009,6784,4059
25003,572,240
25011,381,205
25017,32099,12154
25021,2424,3199
25003,4427,1144
25015,13110,2179
25009,6991,7992
25005,6602,7331
25027,4387,3872
25027,3408,4072
25027,1050,1271
25011,1115,473
25017,3986,4641
25005,4454,4449
25023,2714,3684
25021,8098,6292
25007,1955,795
25027,509,609
25011,1818,1325
25001,2496,1922
25003,489,311
25027,3125,3261
25013,3020,2482
25027,1119,1354
25009,15010,11616
25015,728,132
25023,4574,5073
25017,2936,3426
25003,324,136
25027,451,338
25027,464,469
25003,15600,4044
25015,286,83
25021,2068,2269
25023,15106,14258
25023,776,928
25027,1112,1148
25001,2121,210
25021,24714,14816
25021,11430,3550
25005,3217,3657
25017,7447,6640
25005,2912,3246
25025,11141,5560
25003,688,226
25023,1362,1704
25023,4526,3989
25009,2982,1670
25011,140,92
25009,1596,1935
25027,391,267
25013,388,386
25027,2071,2329
25009,13429,5635
25009,2278,1938
25003,294,154
25001,5802,6492
25009,6957,6557
25003,241,103
25023,5528,5659
25005,3772,3382
25021,6558,3659
25003,1291,503
25011,873,226
25017,1430,1179
25017,1553,1482
25027,9674,8154
25011,1028,156
25005,6091,3674
25017,28467,4865
25015,1861,1584
25027,2935,2782
25027,4256,2291
25015,5362,3252
25013,2050,2770
25027,2617,2785
25013,42963,10372
25027,2029,2667
25003,944,226
25017,6634,5580
25021,8119,5591
25017,2348,1831
25027,2514,2615
25017,6026,4341
25011,1363,404
25027,2181,3087
25009,4899,3202
25005,4512,3269
25005,13479,8783
25027,1857,1851
25017,7540,8332
25007,1845,595
25013,110,155
25009,1800,2164
25017,2087,2725
25001,1041,399
25017,2837,3361
25003,173,85
25027,1985,2132
25027,3325,3728
25017,7486,6806
25013,479,434
25021,6360,7456
25017,15748,8816
25015,2390,1783
25023,6069,4632
25027,1219,1002
25011,334,109
25003,239,69
25017,11878,4516
25017,5153,2975
25027,3476,3111
25021,8243,6144
25001,1568,619
25011,425,70
25009,1058,1265
25027,4999,3818
25027,2029,2083
25023,1734,2169
25027,964,950
25013,9228,8178
25017,6385,6295
25015,639,385
25027,1940,2245
25009,1383,1347
25017,3390,3159
25005,5074,3372
25013,6170,5169
25003,707,161
25007,1571,371
25021,4337,4549
25021,15130,12341
25011,626,301
25023,3654,3652
25013,3745,4332
25015,1239,324
25003,3012,640
25017,5890,6437
25027,2142,1933
25017,7000,5602
25003,385,127
25025,5211,3575
25017,10291,8707
25027,40568,17155
25015,481,208
25021,2704,3535
25001,7183,6526
0,1527686,904970
24001,9001,18158
24003,115960,118165
24005,202733,144686
24510,201042,25501
24009,18963,22413
24011,4621,7674
24013,26067,53960
24015,15489,23660
24017,45621,23637
24019,6570,7514
24021,51187,55495
24023,2792,9102
24025,46390,69496
24027,84017,54094
24029,4453,4533
24031,286493,110940
24033,317342,32236
24035,7898,14879
24037,17982,25096
24039,4478,4706
24041,7983,10442
24043,23282,34113
24045,17481,20136
24047,9841,14334
0,397754,290437
23021,153,216
23031,688,625
23029,273,299
23011,429,561
23029,131,153
23031,964,739
23003,79,59
23015,271,182
23019,225,211
23009,69,70
23003,35,56
23017,255,217
23025,543,512
23013,435,329
23003,182,185
23023,220,92
23031,1229,960
23003,327,232
23025,211,204
23021,73,103
23001,6503,4462
23011,5192,3339
23009,18,42
23007,127,105
23029,354,230
23005,354,413
23003,11,20
23019,8809,5905
23009,2142,779
23029,56,49
23023,2895,1512
23029,134,137
23021,41,52
23029,13,21
23027,2270,1240
23011,952,890
23027,261,214
23011,731,673
23031,1733,1812
23017,911,552
23031,6618,3047
23025,248,203
23003,99,258
23009,1125,588
23015,1082,907
23015,754,572
23023,711,837
23023,1020,691
23021,36,48
23019,251,349
23019,439,345
23015,293,187
23019,2450,2542
23003,111,175
23005,1501,1199
23025,19,23
23015,1049,718
23009,368,194
23027,243,260
23009,418,210
23017,255,204
23021,346,345
23005,7853,3654
23017,518,465
23009,1358,1024
23019,69,115
23027,290,292
23031,2212,1909
23017,39,37
23029,730,725
23025,96,165
23013,2201,914
23025,515,464
23017,260,197
23005,4018,2161
23025,23,28
23003,1910,1665
23019,578,849
23007,295,153
23019,29,52
23007,139,96
23003,39,68
23005,993,899
23009,338,241
23003,76,118
23003,90,45
23003,119,96
23019,186,454
23029,64,97
23005,216,71
23011,693,604
23029,278,303
23019,114,202
23007,399,246
23011,1121,1113
23019,221,231
23011,817,730
23029,67,126
23029,122,148
23029,57,67
23007,42,40
23019,414,648
23019,477,874
23031,415,324
23025,304,358
23009,102,41
23029,23,40
23003,51,86
23005,2619,2221
23013,422,387
23029,116,163
23003,23,20
23007,127,97
23015,771,503
23029,110,150
23031,590,503
23029,7,20
23009,534,487
23009,826,361
23017,318,317
23025,5,9
23029,77,77
23025,201,185
23019,745,860
23017,750,470
23019,323,357
23021,991,1058
23015,544,412
23019,7,13
23001,1137,1080
23003,43,78
23003,276,152
23009,90,116
23029,310,381
23019,483,416
23003,312,322
23029,488,296
23019,557,682
23015,418,317
23019,52,42
23031,2210,1644
23009,1950,1843
23025,218,248
23019,356,389
23019,256,344
23007,191,166
23019,220,312
23025,1714,1359
23005,4149,3319
23011,887,678
23007,2441,1288
23011,432,294
23003,821,698
23003,1376,625
23027,242,270
23009,354,360
23007,14,8
23027,215,163
23005,3266,1726
23009,21,15
23003,406,164
23013,321,360
23017,920,649
23005,17,38
23011,1699,1158
23003,24,27
23019,246,287
23023,447,273
23017,68,41
23019,1136,1281
23003,2,4
23005,5123,3742
23009,494,460
23003,174,52
23029,42,58
23005,2260,2144
23009,15,19
23019,253,342
23001,1111,1139
23021,599,505
23017,244,172
23021,299,357
23011,1090,426
23003,62,33
23003,24,25
23019,2013,2099
23009,596,595
23009,0,0
23017,88,71
23025,196,245
23005,1940,1371
23029,181,264
23005,737,627
23017,307,256
23025,324,487
23003,22,35
23017,370,303
23019,1250,1731
23003,9,23
23025,39,62
23017,379,323
23003,181,377
23019,827,1059
23031,1249,1054
23013,545,381
23003,1133,1307
23019,342,289
23019,278,444
23029,208,25
23007,238,196
23003,189,221
23013,48,5
23027,282,134
23025,190,291
23027,127,137
23007,1615,868
23015,676,742
23029,140,146
23029,311,296
23019,302,316
23031,3935,2798
23031,1323,1073
23007,331,265
23021,11,8
23031,3443,1814
23027,158,226
23019,139,178
23021,39,24
23019,37,41
23009,527,506
23031,1286,1522
23019,160,291
23001,609,522
23019,538,875
23001,9550,5778
23027,259,219
23031,737,646
23003,511,324
23031,908,877
23019,977,1338
23017,14,13
23027,858,535
23003,151,282
23001,2383,2228
23011,919,888
23003,171,274
23001,661,518
23001,842,467
23005,132,60
23017,333,306
23019,71,119
23029,465,307
23003,100,126
23031,1270,1006
23029,449,396
23029,243,240
23003,18,27
23003,1540,511
23025,1118,924
23017,3,10
23011,831,737
23003,521,531
23009,123,142
23029,119,163
23003,276,475
23003,90,60
23013,33,18
23019,176,171
23019,22,32
23001,753,678
23029,36,50
23021,48,80
23019,285,388
23025,190,164
23003,62,64
23017,894,352
23029,320,282
23019,865,650
23019,1317,937
23021,506,572
23001,704,771
23015,49,5
23011,1162,1069
23027,265,192
23021,208,213
23003,158,218
23027,319,192
23025,33,76
23003,1,21
23027,217,271
23025,137,110
23019,36,76
23009,911,442
23011,517,398
23005,1057,983
23003,12,6
23019,395,428
23003,148,101
23015,744,421
23031,406,366
23005,1564,1517
23003,134,178
23019,684,890
23025,213,194
23017,127,100
23007,433,383
23003,182,158
23007,191,199
23015,622,466
23025,772,806
23031,1361,1266
23029,47,47
23013,199,67
23027,535,398
23005,1418,1001
23017,1351,1033
23003,145,202
23011,1686,1435
23031,549,347
23031,3247,1804
23019,2366,1358
23003,48,42
23009,717,513
23019,3761,1396
23019,986,1188
23009,9,31
23009,144,265
23017,517,438
23013,560,403
23003,80,60
23017,1049,918
23017,169,94
23027,352,429
23025,430,576
23017,1345,1020
23021,176,227
23031,471,380
23019,70,120
23019,223,267
23029,229,211
23009,356,389
23019,127,150
23019,253,23
23003,58,114
23029,219,217
23017,491,318
23007,301,248
23023,754,607
23021,19,38
23025,869,941
23011,779,752
23029,204,29
23025,29,22
23019,265,374
23001,1585,1369
23003,125,109
23017,371,346
23005,27736,7487
23005,550,422
23003,2231,1885
23029,196,251
23027,193,150
23011,536,385
23007,334,350
23007,64,79
23005,1426,1196
23011,862,631
23003,25,55
23023,952,772
23025,93,130
23029,143,142
23013,2198,1065
23013,1291,825
23011,314,248
23029,92,60
23017,151,91
23017,1671,915
23001,1294,1160
23031,6146,3556
23003,399,161
23025,416,620
23003,172,76
23013,980,518
23003,80,56
23007,52,33
23031,5588,3701
23021,317,341
23005,6343,5184
23027,383,333
23027,767,622
23005,516,472
23021,139,225
23019,16,10
23009,447,233
23031,720,693
23003,218,365
23021,55,77
23011,1120,1134
23025,2225,1558
23025,282,272
23003,55,67
23025,268,266
23025,71,121
23015,136,129
23009,104,77
23031,2276,1626
23015,376,224
23015,207,223
23005,9956,4104
23013,507,346
23009,653,380
23019,52,101
23019,72,135
23005,2554,2400
23025,171,133
23019,294,352
23029,257,269
23003,91,53
23027,491,424
23017,90,59
23009,407,184
23017,122,63
23007,337,347
23009,352,227
23017,271,241
23009,538,395
23009,94,124
23027,362,295
23017,125,96
23029,13,19
23007,216,94
23025,23,21
23013,860,522
23027,214,154
23029,38,73
23023,3153,2259
23009,550,306
23009,436,340
23027,258,260
23001,1429,1585
23013,712,598
23027,479,443
23017,0,0
23003,684,210
23029,51,52
23011,1224,1025
23019,580,482
23009,166,138
23011,205,136
23013,519,177
23003,50,74
23029,22,33
23027,225,184
23015,1323,1164
23001,351,453
23003,204,77
23009,69,116
23013,966,945
23003,346,418
23013,430,402
23029,104,173
23031,1848,1581
23017,455,382
23011,4677,2103
23011,450,273
23019,13,9
23007,154,123
23021,80,40
23031,3182,2612
23029,32,44
23023,641,544
23005,5504,3042
23003,117,146
23025,25,21
23011,1004,971
23003,21,21
23003,50,81
23017,470,353
23015,254,221
23015,693,531
23029,178,154
23029,48,56
23021,32,48
23007,1251,921
23005,3817,3427
23011,610,578
23019,66,112
23011,2206,1781
23009,112,145
23027,1027,1018
23003,79,49
23011,1877,1496
23015,1036,960
23003,285,326
23017,351,344
23019,62,61
23023,1028,842
23005,3358,2128
23031,4888,3594
0,2561911,2112673
26001,2462,3571
26003,2212,2329
26005,19594,29023
26007,6549,7298
26009,5107,7917
26011,3669,4054
26013,1574,1866
26015,11496,16651
26017,26797,23735
26019,4683,5071
26021,33465,38209
26023,6526,9575
26025,29270,28338
26027,9587,12660
26029,5936,7997
26031,5829,7284
26033,7100,8278
26035,6337,6988
26037,18187,20630
26039,2994,3744
26041,8330,9533
26043,4952,7688
26045,27912,26193
26047,7225,10253
26049,128972,71807
26051,5760,6661
26053,4058,3444
26055,20875,26532
26057,7606,8236
26059,7106,11727
26061,6530,8040
26063,6432,8686
26065,80903,45365
26067,11016,14319
26069,6242,6906
26071,2687,3224
26073,13038,10800
26075,32301,36298
26077,69045,52660
26079,3268,4897
26081,134560,157801
26083,582,774
26085,2752,2487
26087,18786,23725
26089,6576,7483
26091,21774,22351
26093,37186,60000
26095,951,1501
26097,2652,3396
26099,207992,191896
26101,6467,5736
26103,18126,13609
26105,6856,7580
26107,7515,9175
26109,5244,5565
26111,17480,23942
26113,2274,4665
26115,36310,35593
26117,11431,13624
26119,2049,2928
26121,44436,30882
26123,8723,12458
26125,349055,296531
26127,5063,6239
26129,4791,5437
26131,1585,1906
26133,3981,6140
26135,1654,2308
26137,4681,7008
26139,43068,88503
26141,3192,3794
26143,6198,6701
26145,54372,42716
26147,33845,39076
26149,10106,12975
26151,7212,10961
26153,1865,2142
26155,17197,15962
26157,11643,14517
26159,16288,16140
26161,120791,56401
26163,595253,213586
26165,5717,7972
0,1547668,1321575
27001,4412,4533
27003,88611,93430
27005,6829,9204
27007,11818,9637
27009,8173,10849
27011,1345,1385
27013,18164,14916
27015,5630,7938
27017,11389,6586
27019,20745,31155
27021,6858,8957
27023,3083,2967
27025,12524,16227
27027,15210,12920
27029,1753,2359
27031,1993,1221
27033,2433,3316
27035,14760,19415
27037,116252,109514
27039,4487,5522
27041,8665,11905
27043,3407,4104
27045,5713,4913
27047,9327,6970
27049,12212,12986
27051,1647,1748
27053,423979,240073
27055,5281,4951
27057,4676,6622
27059,8024,11675
27061,12852,10500
27063,2268,3044
27065,3586,4319
27067,9806,11239
27069,1241,1095
27071,3451,2841
27073,1974,1938
27075,4043,2610
27077,859,1306
27079,6753,7714
27081,1428,1594
27083,5465,6595
27085,6970,11069
27087,1276,871
27089,1854,2380
27091,4054,6657
27093,4969,6913
27095,5829,6951
27097,6153,10159
27099,11129,6938
27101,2160,2504
27103,9652,8214
27105,3793,4581
27107,1730,1384
27109,39338,36832
27111,12165,18860
27113,3024,3304
27115,6750,6845
27117,1728,2828
27119,6773,7615
27121,2981,3142
27123,184936,86799
27125,928,978
27127,3008,4570
27129,3394,4149
27131,17054,14380
27133,1945,2810
27135,2772,4409
27137,74177,39675
27139,29714,40321
27141,17597,27848
27143,2916,4693
27145,33552,43015
27147,8706,9903
27149,2742,2766
27151,2751,2248
27153,4819,6719
27155,942,860
27157,5415,6049
27159,2492,4143
27161,4370,5116
27163,70203,69137
27165,2494,2517
27167,1258,1884
27169,14980,11480
27171,26584,41460
27173,2465,2806
0,1215031,1478961
29001,4218,5648
29003,2649,5457
29005,756,1902
29007,3538,6186
29009,3667,9832
29011,1232,4416
29013,2557,5020
29015,2925,6069
29017,1213,4094
29019,39782,37343
29021,15594,18660
29023,4363,12248
29025,1313,2724
29027,6070,11742
29029,6458,15089
29031,9713,25343
29033,1154,3072
29035,754,1978
29037,17044,30912
29039,1536,4375
29041,1339,2402
29043,9809,27465
29045,1398,1730
29047,47250,56131
29049,3685,5904
29051,12003,24488
29053,2474,4887
29055,2951,6434
29057,939,2895
29059,2122,4992
29061,1124,2282
29063,1194,3056
29065,1585,4883
29067,1709,4649
29069,3635,6849
29071,16294,29271
29073,2099,4895
29075,937,1986
29077,46130,76786
29079,1212,3030
29081,984,2624
29083,3604,6229
29085,1733,2835
29087,551,1725
29089,1722,3012
29091,4393,11541
29093,1669,2252
29095,180100,121891
29097,12808,31345
29099,41570,53973
29101,7661,12750
29103,698,1205
29105,4093,10934
29107,5650,9800
29109,4014,11417
29111,1507,2677
29113,7733,14330
29115,2031,3331
29117,1906,4006
29119,1920,5694
29121,2309,4700
29123,1588,3227
29125,1299,3165
29127,4034,7926
29129,353,1255
29131,2651,8099
29133,1857,2996
29135,1608,4703
29137,1398,2564
29139,1734,3486
29141,2773,5733
29143,2814,4284
29145,6425,18179
29147,3172,5593
29149,1419,2886
29151,1472,5330
29153,1261,3080
29155,2671,3596
29157,2184,5669
29159,5902,10840
29161,5798,11893
29163,2581,4576
29165,19171,25617
29167,3580,9252
29169,4199,9092
29171,587,1673
29173,1736,3231
29175,3031,6667
29177,4264,5805
29179,1155,1927
29181,1396,3743
29183,71798,110732
29185,1460,3019
29187,8837,13248
29189,294735,223102
29510,116654,22617
29186,3813,4055
29195,3785,5096
29197,697,1174
29199,643,1246
29201,5122,11623
29203,1300,2260
29205,966,2188
29207,3153,9496
29209,3920,11780
29211,908,1610
29213,5462,15713
29215,2871,7618
29217,2580,5756
29219,5219,9150
29221,3402,5008
29223,1811,3790
29225,4407,10702
29227,341,664
29229,1953,5831
0,528260,674302
28001,7999,5542
28003,3449,11027
28005,3218,4393
28007,3368,4452
28009,2026,2030
28011,9772,4346
28013,2250,3961
28015,1990,3953
28017,3914,3601
28019,1283,2533
28021,4633,608
28023,2695,4415
28025,5860,3735
28027,7164,2356
28029,7201,5714
28031,3800,5282
28033,20979,42399
28035,12079,15339
28037,1706,2705
28039,1352,8353
28041,1325,4528
28043,5279,5980
28045,3879,12859
28047,22242,38646
28049,70512,26450
28051,6775,1264
28053,3399,1069
28055,479,302
28057,1599,6925
28059,15452,33262
28061,5097,4193
28063,3508,431
28065,4094,2439
28067,9146,20635
28069,3239,1789
28071,7098,9772
28073,5037,17472
28075,12642,17322
28077,2394,4153
28079,3599,4283
28081,12043,22004
28083,8423,3115
28085,4879,9333
28087,12037,12399
28089,20722,28507
28091,3833,7118
28093,9581,6444
28095,6990,9661
28097,2245,2543
28099,3030,7772
28101,3069,5909
28103,4920,1325
28105,8030,7728
28107,9079,7629
28109,3813,15836
28111,1519,4110
28113,9304,7986
28115,2785,9403
28117,2817,7075
28119,2837,1116
28121,14425,46318
28123,4774,5728
28125,1571,675
28127,4723,7424
28129,1979,6049
28131,1794,4924
28133,7989,2907
28135,3838,2480
28137,4572,6666
28139,2254,6625
28141,1623,6070
28143,3371,867
28145,2481,7759
28147,3386,4012
28149,9899,9390
28151,12188,4870
28153,4116,6080
28155,1087,3684
28157,2940,1275
28159,4557,5147
28161,2984,3261
28163,6220,4560
0,200489,264974
30001,1347,3251
30003,2830,1655
30005,1598,1169
30007,761,2150
30009,2126,3513
30011,96,678
30013,14949,18039
30015,969,1751
30017,1824,3353
30019,236,735
30021,1219,3024
30023,2829,1431
30025,236,1123
30027,1628,4243
30029,13534,27694
30031,21534,24051
30033,66,622
30035,2784,1391
30037,110,351
30039,533,1107
30041,3372,3133
30043,2256,4042
30045,336,852
30047,5715,7084
30049,15479,16673
30051,257,698
30053,2544,6045
30055,221,742
30057,1285,3115
30059,269,670
30061,698,1212
30063,34380,23285
30065,482,1792
30067,3728,4637
30069,49,240
30071,471,1688
30073,969,1666
30075,170,833
30077,884,1798
30079,167,518
30081,6466,12817
30083,992,3479
30085,2044,1503
30087,1478,2035
30089,1716,3971
30091,661,1203
30093,10782,5374
30095,1209,3237
30097,473,1584
30099,1073,2091
30101,582,1440
30103,114,317
30105,1386,2337
30107,272,690
30109,25,421
30111,26275,40421
0,2178388,2275853
37001,28341,37712
37003,4591,12207
37005,1574,3378
37007,6894,4125
37009,4100,8207
37011,1861,5708
37013,9399,13918
37015,6537,3367
37017,8277,7947
37019,21932,34587
37021,70066,54429
37023,13577,22109
37025,32453,49125
37027,10795,23069
37029,1456,2995
37031,10197,24598
37033,5183,5471
37035,23954,44386
37037,18252,16578
37039,3339,9201
37041,3507,3872
37043,1573,3952
37045,16734,25440
37047,10973,12863
37049,18556,26654
37051,74991,50191
37053,3521,7431
37055,7258,10102
37057,20291,48935
37059,5652,14568
37061,8923,11330
37063,109185,33326
37065,18249,8494
37067,91606,79177
37069,13317,14480
37071,32903,55817
37073,2745,2532
37075,1115,2743
37077,13529,12332
37079,3761,4393
37081,145483,103964
37083,16931,8686
37085,16858,25070
37087,11742,15553
37089,18519,32860
37091,7815,3001
37093,9915,6721
37095,1157,1183
37097,25952,49071
37099,8052,8224
37101,27052,48206
37103,2335,2825
37105,10577,13000
37107,13350,13763
37109,10980,25184
37111,6006,11732
37113,5692,10817
37115,4466,5379
37117,6514,5963
37119,270705,170490
37121,1810,5778
37123,4689,6389
37125,16371,29336
37127,24214,23769
37129,48038,52792
37131,7210,3474
37133,18115,31695
37135,53404,21398
37137,2632,4032
37139,9970,7216
37141,9455,14368
37143,2747,3814
37145,8384,10467
37147,40701,35534
37149,4000,6219
37151,14675,44913
37153,9747,9236
37155,23957,17093
37157,16170,25037
37159,22529,38622
37161,9277,18797
37163,11496,14358
37165,8131,5799
37167,8287,19698
37169,5969,15142
37171,9005,19753
37173,2618,2976
37175,6740,9522
37177,835,929
37179,32032,60468
37181,13286,7406
37183,286939,232933
37185,6635,3111
37187,3811,2615
37189,13371,14124
37191,23154,27536
37193,8089,20410
37195,20745,17904
37197,3928,12500
37199,3954,5249
0,124490,187586
38001,328,916
38003,2389,2953
38005,1232,867
38007,89,472
38009,1163,2246
38011,412,1277
38013,230,766
38015,14036,27811
38017,34632,36792
38019,818,1192
38021,849,1601
38023,382,731
38025,493,1494
38027,484,631
38029,383,1430
38031,604,1028
38033,161,740
38035,14008,15044
38037,331,1012
38039,535,770
38041,313,998
38043,393,870
38045,737,1374
38047,221,799
38049,924,1651
38051,456,1028
38053,926,2450
38055,1660,3130
38057,1161,3132
38059,4467,8669
38061,1401,1960
38063,766,862
38065,281,693
38067,1245,1893
38069,656,1462
38071,2162,2659
38073,1341,1008
38075,398,850
38077,3190,4213
38079,3351,1090
38081,1073,876
38083,161,637
38085,900,223
38087,83,341
38089,2805,8509
38091,515,495
38093,3561,5641
38095,511,619
38097,1784,1963
38099,2118,2809
38101,8412,16176
38103,671,1646
38105,2288,7087
0,289154,462972
31001,3991,8235
31003,571,2585
31005,30,227
31007,55,339
31009,29,268
31011,615,2136
31013,1634,2795
31015,186,852
31017,223,1298
31019,5266,13378
31021,1280,2016
31023,1028,2729
31025,4298,7453
31027,952,3231
31029,252,1573
31031,436,2557
31033,983,3134
31035,662,2213
31037,959,2045
31039,1015,2858
31041,1066,4251
31043,2831,3048
31045,1102,2435
31047,2157,5370
31049,215,763
31051,870,1745
31053,5588,8937
31055,99261,108319
31057,176,791
31059,794,1972
31061,381,1110
31063,381,1005
31065,422,1767
31067,3870,5470
31069,242,829
31071,147,762
31073,230,732
31075,30,322
31077,340,820
31079,6971,12412
31081,1136,3582
31083,311,1248
31085,50,473
31087,310,1386
31089,862,3789
31091,59,330
31093,914,1890
31095,1185,2156
31097,790,1223
31099,761,2341
31101,920,3036
31103,80,392
31105,391,1222
31107,1055,2878
31109,59970,61177
31111,4350,10545
31113,68,356
31115,62,290
31117,41,237
31119,3368,9874
31121,921,2477
31123,450,1658
31125,477,1098
31127,1089,1979
31129,567,1563
31131,2542,4226
31133,396,897
31135,237,1133
31137,875,3372
31139,637,2707
31141,3095,9963
31143,527,1886
31145,940,3855
31147,1180,2407
31149,103,669
31151,2232,2518
31153,24709,40318
31155,3279,6725
31157,4193,9427
31159,2362,4947
31161,389,2010
31163,549,919
31165,101,623
31167,607,1945
31169,724,1853
31171,42,360
31173,1153,823
31175,494,1643
31177,3103,6857
31179,1074,2493
31181,440,1255
31183,93,345
31185,1352,4814
0,368529,327870
33019,316,212
33003,235,157
33009,472,432
33013,1149,981
33005,634,383
33001,1207,2147
33011,3501,3906
33013,777,571
33011,810,655
33009,587,522
33015,1630,2691
33015,1219,1996
33001,1125,1254
33017,2577,2271
33003,1039,774
33009,264,272
33011,4713,7990
33001,1782,1816
33011,395,363
33009,79,96
33007,2863,1248
33009,862,534
33013,1000,766
33013,2509,2352
33013,503,456
33015,1093,1301
33009,343,352
33009,779,821
33003,171,251
33011,1278,1623
33009,1050,765
33009,1089,709
33015,937,1528
33013,905,629
33007,274,226
33001,308,406
33019,1365,856
33003,105,110
33015,1082,1622
33005,1251,911
33013,731,784
33019,3352,2147
33007,72,83
33007,472,506
33007,155,183
33013,14097,7252
33003,2982,2144
33019,635,395
33019,196,233
33007,241,240
33013,307,313
33015,983,1356
33015,1133,1485
33011,508,505
33015,7573,8309
33007,5,5
33009,92,97
33017,9724,6162
33005,671,375
33007,84,79
33013,794,958
33017,5074,2217
33015,592,916
33009,122,63
33003,163,119
33003,380,393
33009,32,19
33009,1542,843
33015,1793,1697
33013,1195,1333
33007,81,96
33015,5194,3614
33017,1545,1429
33005,753,550
33011,538,449
33009,479,276
33013,2059,1570
33003,438,478
33015,1039,1380
33001,2133,2448
33001,1013,1151
33005,231,192
33011,4231,4856
33007,1020,524
33019,227,202
33009,339,315
33019,1144,831
33011,461,394
33015,1355,1159
33011,509,424
33009,139,155
33015,2012,3217
33015,4843,4742
33015,548,917
33011,738,465
33009,5469,1727
33005,478,208
33003,23,9
33009,974,975
33009,171,222
33013,1515,1009
33013,286,267
33011,1490,1213
33005,1227,504
33009,755,547
33011,2289,2785
33013,3319,3968
33013,2264,1471
33011,5451,5174
33003,423,259
33005,1538,1235
33007,274,311
33005,8667,3592
33015,587,739
33015,1518,1854
33001,3932,3856
33007,864,742
33009,133,109
33019,223,164
33009,4772,2060
33017,1621,921
33019,294,316
33009,446,337
33009,386,322
33011,1956,2703
33009,1566,1293
33015,5660,7295
33013,1414,1546
33009,161,140
33009,932,274
33011,535,480
33017,673,466
33003,793,596
33011,25676,20809
33005,801,348
33005,262,154
33011,331,476
33001,1853,2088
33011,6797,7678
33017,416,439
33007,435,283
33011,3940,3773
33007,5,16
33017,1104,1124
33009,216,267
33011,691,775
33003,1204,1822
33011,23213,17506
33005,295,150
33011,1399,1736
33013,664,680
33015,396,419
33017,699,889
33015,564,521
33001,646,636
33015,262,298
33011,819,1688
33013,1737,1384
33015,3230,1893
33019,1448,1310
33015,1104,1395
33013,1242,1013
33015,1462,1558
33007,621,366
33015,1198,1189
33015,1364,1379
33009,107,72
33009,455,239
33003,961,1142
33011,2870,4184
33013,2102,1729
33011,2479,1309
33009,255,161
33007,180,317
33013,959,936
33019,976,457
33015,1709,2387
33009,2313,1111
33015,8828,4088
33007,172,77
33015,2289,2632
33005,330,325
33005,1410,1716
33017,7493,6816
33017,837,680
33005,110,41
33009,411,438
33015,1930,1873
33015,6026,8285
33013,400,387
33001,888,913
33015,1298,1922
33003,609,403
33015,2030,2211
33011,162,91
33007,139,118
33017,3028,2151
33015,240,322
33019,365,398
33007,164,133
33007,161,193
33005,403,337
33017,1235,1214
33007,167,105
33015,2411,2395
33009,248,153
33005,221,148
33019,916,1075
33005,270,219
33013,654,545
33005,2133,1497
33003,843,718
33011,435,413
33009,743,611
33001,997,853
33005,553,413
33003,671,984
33019,424,359
33003,1083,1448
33005,1284,793
33013,938,694
33009,233,206
33019,285,314
33009,136,105
33011,2105,2592
33013,623,496
33009,218,260
33007,9,13
33005,676,411
33007,633,478
33013,492,361
33011,1137,1022
33005,1131,633
33015,2964,5224
33011,42,66
33003,1854,2400
33009,456,307
0,1960744,1383233
34001,59509,41918
34003,193470,155267
34005,115951,79110
34007,137795,63329
34009,21275,25488
34011,30172,18767
34013,217950,61595
34015,72960,58915
34017,136239,38082
34019,25148,36979
34021,94300,43155
34023,179515,102472
34025,125471,140376
34027,90313,114265
34029,96500,138594
34031,104057,59181
34033,14456,14214
34035,70168,63159
34037,23406,37215
34039,134220,66457
34041,17869,24695
0,408312,331915
35001,147183,104242
35003,557,1474
35005,6621,13271
35006,4907,2966
35007,2879,2763
35009,3956,9150
35011,287,586
35013,36778,26988
35015,6110,12546
35017,7009,5286
35019,1388,518
35021,260,326
35023,994,895
35025,4068,12480
35027,2931,5940
35028,5191,4796
35029,3573,3654
35031,15363,5420
35033,1952,591
35035,6715,12219
35037,1382,2194
35039,11389,3373
35041,1719,4032
35043,26831,24124
35045,15688,28779
35047,8754,2281
35049,49668,15145
35051,1963,2928
35053,3983,2698
35055,11855,2710
35057,2414,3521
35059,471,1231
35061,13473,12788
0,528801,462422
32510,10290,12394
32001,2961,7061
32003,387978,288223
32005,9288,16264
32007,3510,12013
32009,92,317
32011,107,663
32013,1737,3810
32015,534,1580
32017,400,1691
32019,7380,13520
32021,863,1080
32023,6320,10566
32027,632,1167
32029,920,1321
32031,94806,88151
32033,983,2601
0,3875826,2226637
36001,80891,42029
36003,5658,9609
36005,288378,26304
36047,503291,108630
36007,38315,34878
36009,11695,15406
36011,14162,11355
36013,21815,25795
36015,15285,16207
36017,8340,8933
36019,17123,10054
36021,14244,11194
36023,9445,7886
36025,7469,9085
36027,59885,52320
36029,220184,159678
36031,8835,6495
36033,9065,5248
36035,7916,9811
36037,8886,13701
36039,7911,9935
36041,955,1652
36043,10433,12389
36045,15345,16279
36049,4263,5083
36051,10889,13210
36053,12698,12611
36061,417861,72300
36055,178491,124769
36057,7881,8622
36059,243649,212882
36063,40862,40397
36065,37388,41639
36067,112664,72807
36069,21285,21998
36071,67709,60984
36073,5411,8076
36075,21733,18503
36077,10975,10527
36079,17851,22436
36081,399970,103193
36083,34713,27240
36087,60446,52936
36089,19574,13914
36091,48876,46829
36093,33777,24608
36095,4862,6849
36097,3354,3942
36099,6526,5405
36085,67524,66420
36101,14586,20425
36103,274830,259348
36105,13781,11148
36107,8263,11278
36109,24447,10202
36111,43164,27340
36113,13112,12571
36115,10596,10254
36117,15136,18315
36119,171908,108707
36121,5224,9726
36123,4021,4270
0,2697260,2593779
39001,3857,6691
39003,16869,28802
39005,8083,15225
39007,22964,17890
39009,17268,8118
39011,5643,16802
39013,13826,16418
39015,6923,11671
39017,59282,102226
39019,5396,7177
39021,7826,11852
39023,30022,31116
39025,29334,62527
39027,5534,11740
39029,19351,24778
39031,6841,8312
39033,7207,11561
39035,420953,184475
39037,6610,17745
39039,7438,9935
39041,36131,58980
39043,20969,16655
39045,28831,40134
39047,4075,6456
39049,325654,207941
39051,8790,11521
39053,3418,5912
39055,19295,30104
39057,31028,48683
39059,7226,8811
39061,208508,188653
39063,12192,22077
39065,4487,7337
39067,2895,3936
39069,5513,8111
39071,5772,11032
39073,6010,6150
39075,2568,8563
39077,10673,12821
39079,4965,7651
39081,14960,16729
39083,10154,16873
39085,55219,57150
39087,10454,14371
39089,32264,43604
39091,6789,13323
39093,78112,58095
39095,129229,68100
39097,6700,10215
39099,74298,41702
39101,11933,13938
39103,37841,49464
39105,3911,5782
39107,4609,16207
39109,15731,33650
39111,3007,3540
39113,128983,121188
39115,2772,3136
39117,5780,9662
39119,16327,18826
39121,2082,3498
39123,11214,10323
39125,3435,5248
39127,6857,7498
39129,9335,13713
39131,5490,5535
39133,38082,34465
39135,6005,13202
39137,4238,13563
39139,21785,33057
39141,13895,14582
39143,14035,13491
39145,14432,15023
39147,10962,13025
39149,6065,16700
39151,86314,86958
39153,147146,108700
39155,59446,37545
39157,17516,21420
39159,8546,15947
39161,3923,9433
39163,2382,2798
39165,31907,74626
39167,11333,16921
39169,18932,29450
39171,7045,9863
39173,31596,28997
39175,3962,6054
0,442647,889372
40001,2110,4362
40003,278,1539
40005,1241,3534
40007,243,2057
40009,1413,5496
40011,991,2824
40013,3533,9188
40015,3151,5660
40017,10533,35615
40019,4907,12213
40021,6137,8151
40023,1494,3572
40025,115,1082
40027,34701,59019
40029,648,1709
40031,12517,17657
40033,657,1796
40035,1746,3552
40037,7114,18964
40039,2358,7442
40041,4176,10056
40043,301,1769
40045,226,1575
40047,4732,15176
40049,2556,6922
40051,4780,14818
40053,393,1674
40055,488,1344
40057,264,659
40059,173,1261
40061,1175,3069
40063,1370,2836
40065,1953,5962
40067,602,1632
40069,1134,2644
40071,4624,11498
40073,844,4510
40075,1101,2309
40077,1169,2620
40079,4658,11172
40081,3265,9542
40083,4686,12297
40085,1034,2436
40087,3191,11108
40089,2440,7633
40091,2767,4498
40093,446,2700
40095,1396,3744
40097,4822,9634
40099,1540,3606
40101,9943,13392
40103,1142,3484
40105,1244,2832
40107,1251,2328
40109,106812,149525
40111,5416,7712
40113,6695,11218
40115,3508,6465
40117,1813,4228
40119,9193,16467
40121,4813,10785
40123,3934,8921
40125,7182,16240
40127,1043,3087
40129,272,1402
40131,9146,27531
40133,2597,4852
40135,4193,9573
40137,3939,12907
40139,854,4908
40141,906,1813
40143,82633,144908
40145,7773,20848
40147,5532,15667
40149,821,3482
40151,670,2725
40153,1129,5936
0,932459,732288
41001,2364,5692
41003,27662,14922
41005,94013,87551
41007,9616,7101
41009,11843,10645
41011,12628,14398
41013,3081,6769
41015,4611,6577
41017,34985,40670
41019,17032,30588
41021,371,637
41023,834,2848
41025,829,2599
41027,5977,3400
41029,42341,46974
41031,3238,4576
41033,14929,23636
41035,8140,18654
41037,769,2801
41039,99891,60979
41041,13277,8623
41043,19893,28482
41045,2701,6751
41047,54337,58435
41049,1189,2524
41051,261222,71947
41053,15761,17377
41055,317,677
41057,6249,5670
41059,8499,15425
41061,3943,7608
41063,1252,2796
41065,5066,5152
41067,124431,86551
41069,262,542
41071,18906,21711
0,2907448,2619583
42001,14893,26490
42003,348151,259304
42005,8694,19231
42007,36833,42118
42009,4730,16509
42011,79895,80857
42013,15516,31500
42015,8291,13827
42017,159598,155876
42019,28385,59416
42021,23181,33464
42023,677,1264
42025,11040,12710
42027,33677,33697
42029,122232,123280
42031,4731,10228
42033,11093,20303
42035,5503,6941
42037,10424,13445
42039,13024,19497
42041,43983,64365
42043,64209,56838
42045,164805,105270
42047,5144,7099
42049,65136,46102
42051,21841,25845
42053,894,1381
42055,18910,43072
42057,1297,4780
42059,5564,7985
42061,5383,11953
42063,14403,21187
42065,4535,12288
42067,2533,6821
42069,61309,34730
42071,87108,129364
42073,17427,20915
42075,18975,34010
42077,77029,66091
42079,63974,57969
42081,15104,30490
42083,5260,9494
42085,23082,24304
42087,4259,11893
42089,33431,25100
42091,227561,169903
42093,3026,4636
42095,65014,59242
42097,12392,18516
42099,5430,12511
42101,557024,91840
42103,10170,12713
42105,1892,5199
42107,24453,32156
42109,4672,10050
42111,9420,23935
42113,1028,1859
42115,6891,10735
42117,5053,10599
42119,6063,9863
42121,7469,12928
42123,6768,9415
42125,38503,50455
42127,8138,12531
42129,63380,103429
42131,4812,6189
42133,72126,111576
0,274342,155355
44001,5546,3825
44001,6341,3704
44007,3660,3039
44007,3390,509
44009,2433,1613
44003,9091,6956
44007,21324,12978
44007,9277,7096
44003,3645,3524
44007,14050,5740
44009,1672,1472
44007,1279,1088
44007,2523,2405
44009,2044,1521
44005,1985,1209
44007,7493,5407
44007,5754,4608
44005,1211,904
44005,4282,2770
44009,4229,3193
44005,6145,2942
44009,664,276
44009,7828,6445
44007,9592,5386
44007,3046,2847
44007,18042,5219
44005,5009,4159
44007,41588,6877
44009,1925,1503
44007,2454,2826
44007,4875,4359
44009,8572,4705
44005,4875,4359
44001,3056,1687
44003,24403,15001
44009,5537,3938
44003,1202,1192
44003,6625,4113
44007,7675,3960
0,1049507,16060
45001,5923,71
45003,41157,586
45005,894,9
45007,48493,715
45009,2190,34
45011,4655,43
45013,42580,502
45015,35764,729
45017,3705,37
45019,77248,1848
45021,13306,117
45023,6336,81
45025,8488,59
45027,6890,56
45029,8439,84
45031,14429,137
45033,5477,23
45035,32469,543
45037,6511,64
45039,3996,67
45041,28825,288
45043,16476,186
45045,120514,2248
45047,16290,206
45049,3310,35
45051,66653,863
45053,4169,43
45055,15846,213
45057,19273,261
45059,14726,177
45061,2829,41
45063,76392,1172
45065,2460,21
45067,5114,35
45069,4010,51
45071,9218,89
45073,21573,294
45075,11888,139
45077,33385,566
45079,46725,928
45081,5130,58
45083,65951,905
45085,19266,202
45087,6566,71
45089,4819,41
45091,59149,1122
0,144988,210541
46003,556,804
46005,2881,4230
46007,548,626
46009,1167,1830
46011,5826,6219
46013,7249,8320
46015,824,1499
46017,472,166
46019,1000,3068
46021,153,616
46023,1482,2229
46025,713,1067
46027,2955,2146
46029,4588,6696
46031,647,515
46033,1335,3062
46035,3042,4754
46037,1497,1320
46039,941,1175
46041,1207,663
46043,332,1334
46045,622,1264
46047,1137,2256
46049,331,765
46051,1493,2034
46053,599,1507
46055,138,940
46057,921,1803
46059,575,1242
46061,760,1627
46063,82,638
46065,2786,5219
46067,923,2451
46069,189,531
46071,426,661
46073,452,538
46075,108,490
46077,1092,1451
46079,2724,3419
46081,3973,7025
46083,7982,13611
46085,605,933
46087,905,1655
46089,272,921
46091,1061,889
46093,2928,7560
46095,375,381
46097,479,636
46099,34668,40330
46101,1429,1535
46103,15122,28229
46105,319,1205
46107,339,1029
46109,2302,1883
46111,389,688
46113,2922,188
46115,1300,1670
46117,435,1063
46119,186,611
46121,1976,498
46123,737,1905
46125,1411,2715
46127,2782,4698
46129,671,1731
46135,4208,5463
46137,439,314
0,953043,1453097
47001,10112,18941
47003,4207,10026
47005,2255,3850
47007,1267,3022
47009,12925,35417
47011,8035,27417
47013,3327,8602
47015,1560,3308
47017,3475,7219
47019,4786,15496
47021,4656,10266
47023,1622,4672
47025,2433,7617
47027,1037,1747
47029,2804,8459
47031,5865,13013
47033,1669,3782
47035,6260,18651
47037,138899,94464
47039,1302,2873
47041,2168,4134
47043,6228,11287
47045,3757,9921
47047,6683,12682
47049,1559,5240
47051,5594,10252
47053,6564,12883
47055,3759,6914
47057,1668,5469
47059,6216,17234
47061,1637,2502
47063,5229,14515
47065,58794,79877
47067,475,1527
47069,5479,4864
47071,2467,7886
47073,5086,14376
47075,4567,2960
47077,2516,7418
47079,4337,8187
47081,2693,4756
47083,1400,1579
47085,2904,3829
47087,1736,2380
47089,4230,13037
47091,1483,4611
47093,57594,106411
47095,884,1163
47097,4010,4616
47099,4237,10770
47101,1445,3116
47103,3283,9791
47105,5057,16701
47107,4603,12958
47109,2643,7010
47111,1552,5259
47113,18360,21989
47115,3952,6268
47117,3722,6823
47119,11819,20698
47121,1163,2728
47123,4368,11717
47125,24349,30159
47127,705,2053
47129,1722,4668
47131,3320,8814
47133,2802,4772
47135,992,1578
47137,711,1707
47139,1856,4108
47141,7793,17242
47143,2625,7793
47145,6014,14719
47147,8289,17641
47149,36400,60829
47151,1452,5117
47153,1488,3541
47155,7415,25979
47157,232201,135536
47159,2467,4492
47161,2069,2963
47163,15303,43528
47165,18571,45979
47167,7020,16395
47169,1238,1610
47171,1909,5028
47173,1474,4278
47175,875,1384
47177,4748,8007
47179,14318,32787
47181,1163,4251
47183,3547,8601
47185,2793,6192
47187,24328,68090
47189,14669,36076
0,3294440,4555799
48001,3796,12235
48003,794,3636
48005,7833,20301
48007,2703,6829
48009,525,3599
48011,98,828
48013,5128,7451
48015,2252,9260
48017,466,1336
48019,1859,7423
48021,9860,14019
48023,267,1297
48025,3451,4354
48027,35315,49369
48029,263871,240519
48031,1220,3637
48033,32,324
48035,1366,5873
48037,10184,24840
48039,34327,70684
48041,17440,37152
48043,1765,1975
48045,117,576
48047,1886,507
48049,1904,11894
48051,1705,4671
48053,3672,12828
48055,4787,6018
48057,2510,4145
48059,751,4376
48061,49159,24955
48063,1428,2878
48065,292,2450
48067,2921,8747
48069,630,1470
48071,2780,11761
48073,3935,12291
48075,320,1665
48077,740,4266
48079,256,648
48081,179,1216
48083,441,3007
48085,100754,195933
48087,177,962
48089,2024,6015
48091,11437,39291
48093,890,3940
48095,194,793
48097,2240,11901
48099,5141,11193
48101,180,553
48103,275,985
48105,480,957
48107,639,1132
48109,566,294
48111,253,1248
48113,403170,294339
48115,1017,2591
48117,1239,3042
48119,454,1524
48121,79917,156105
48123,1463,5114
48125,216,793
48127,2141,762
48129,226,1286
48131,3331,979
48133,970,5443
48135,8095,23936
48137,232,641
48139,13803,39353
48141,112273,56517
48143,1965,10325
48145,2033,3356
48147,2482,8143
48149,2311,8098
48151,512,1094
48153,551,1523
48155,140,346
48157,101043,116028
48159,750,3446
48161,1848,5644
48163,2376,1559
48165,535,3484
48167,39162,68594
48169,276,1262
48171,2055,10305
48173,44,526
48175,1127,2294
48177,1773,4213
48179,885,6428
48181,10665,30907
48183,12336,28665
48185,2339,6141
48187,15654,32959
48189,2228,6417
48191,265,832
48193,591,2918
48195,158,1787
48197,302,1176
48199,3358,17744
48201,585451,584866
48203,8431,17471
48205,183,1700
48207,551,1422
48209,25448,31577
48211,192,1298
48213,6094,21202
48215,97879,39786
48217,2745,9128
48219,1482,5543
48221,3829,18341
48223,2775,9834
48225,2235,5839
48227,1042,4032
48229,379,471
48231,6658,20976
48233,1042,6797
48235,112,668
48237,303,2580
48239,1068,3903
48241,3402,9924
48243,440,717
48245,44626,43214
48247,1301,356
48249,6492,4595
48251,10481,37609
48253,1225,4258
48255,1324,2823
48257,9451,24804
48259,3035,14467
48261,82,83
48263,66,334
48265,4325,17225
48267,217,1667
48269,5,139
48271,522,880
48273,4752,4056
48275,332,1160
48277,4173,12814
48279,998,3056
48281,1457,5583
48283,965,669
48285,1427,6788
48287,1630,4504
48289,1061,5812
48291,5196,17304
48293,2208,5288
48295,119,1044
48297,915,3153
48299,1818,7560
48301,9,54
48303,26088,63133
48305,464,1377
48313,964,3028
48315,1487,2730
48317,247,1338
48319,380,1562
48321,3972,8026
48323,8302,2171
48307,537,2419
48309,25688,47885
48311,67,436
48325,4760,11016
48327,170,663
48329,8223,35452
48331,2632,5478
48333,279,1882
48335,536,1754
48337,1116,6539
48339,32852,137822
48341,963,3967
48343,1856,3226
48345,55,538
48347,6441,13910
48349,4348,10838
48351,1721,4399
48353,1216,3277
48355,45666,48779
48357,253,2718
48359,71,786
48361,6797,23361
48363,1810,7392
48365,2211,7941
48367,7804,38980
48369,528,2005
48371,1591,2512
48373,4836,14019
48375,7114,18905
48377,1273,504
48379,754,3265
48381,7553,41366
48383,158,676
48385,277,1236
48387,1482,3549
48389,1649,1185
48391,998,1659
48393,25,408
48395,2792,4416
48397,8112,27098
48399,517,3103
48401,4451,13924
48403,806,3726
48405,1193,2469
48407,2410,7105
48409,7854,11994
48411,323,1905
48413,220,781
48415,837,4121
48417,131,1218
48419,2318,6870
48421,121,908
48423,22101,61858
48425,609,2858
48427,10248,1540
48429,475,2891
48431,31,459
48433,160,507
48435,369,1110
48437,579,1654
48439,252789,348686
48441,9725,32853
48443,184,358
48445,1059,2602
48447,109,700
48449,2638,6062
48451,9246,26749
48453,231540,139503
48455,1614,4537
48457,1659,5889
48459,2953,11948
48461,332,952
48463,3824,4526
48465,6267,5612
48467,3083,15790
48469,8795,19684
48471,5283,9569
48473,6401,9158
48475,836,2364
48477,3378,10850
48479,37592,11074
48481,4235,9750
48483,232,1878
48485,10490,29756
48487,971,2956
48489,3595,1415
48491,61812,96910
48493,4819,12205
48495,398,1331
48497,3219,17178
48499,3052,14317
48501,409,1698
48503,992,6225
48505,2517,993
48507,3042,574
0,3378,345
49001,4,0
49003,31,5
49005,111,12
49007,23,5
49009,1,1
49011,304,29
49013,9,1
49015,10,4
49017,10,0
49019,64,2
49021,36,4
49023,9,0
49025,21,3
49027,4,1
49029,6,0
49031,0,0
49033,1,0
49035,1777,140
49037,10,5
49039,11,4
49041,10,5
49043,75,3
49045,50,7
49047,17,1
49049,435,42
49051,18,5
49053,108,21
49055,4,1
49057,219,44
0,1905528,1789618
51001,7653,8212
51003,29712,23263
51005,3403,3595
51007,2488,4324
51009,5898,8865
51011,2453,5340
51013,81178,34433
51015,9448,23614
51017,894,1274
51019,10925,29281
51021,735,2144
51023,5449,12471
51025,4993,2965
51027,3094,6436
51029,3747,3569
51031,7591,17687
51033,7258,6148
51035,3500,8351
51036,2772,1396
51037,2502,3311
51041,78954,91174
51043,3237,4295
51045,830,1757
51047,8263,11549
51049,2422,2538
51051,2472,4274
51053,6425,6769
51057,3009,2602
51059,260835,173786
51061,13891,20955
51063,2732,4671
51065,5885,6678
51067,9082,16685
51069,12683,22851
51071,2730,4660
51073,6764,12137
51075,4676,8448
51077,2094,4801
51079,3284,5558
51081,3135,1766
51083,7760,8699
51085,18283,39920
51087,89116,70235
51089,10312,13980
51091,459,924
51093,8754,11797
51095,17854,22830
51097,1743,1863
51099,4476,6603
51101,3326,5445
51103,3144,3749
51105,2593,6845
51107,81900,74794
51109,6949,9207
51111,2684,2969
51113,2637,3864
51115,1807,3488
51117,6786,7855
51119,2370,3619
51121,19903,20006
51125,4171,3944
51127,3555,7246
51131,3737,2676
51133,3186,4308
51135,3344,3409
51137,6870,9244
51139,3724,6344
51141,2417,5622
51143,10855,19275
51145,4066,11192
51147,5132,3952
51149,7671,9350
51153,103161,74371
51155,5287,8917
51157,1971,2307
51159,1574,2160
51161,19589,33344
51163,4087,5898
51165,10059,24173
51167,3716,8177
51169,2395,7439
51171,6462,12526
51173,4169,8376
51175,4437,4733
51177,25150,31818
51179,27130,32429
51181,2574,1671
51183,3350,2021
51185,3661,13843
51187,6449,9865
51191,7076,18141
51193,4155,4116
51195,3751,11041
51197,3782,8324
51199,13165,20182
51510,52434,20205
51515,1225,1527
51520,2487,4776
51530,919,1564
51540,16267,4801
51550,54999,53845
51570,2541,5937
51580,1319,975
51590,12215,7756
51595,1793,886
51600,6636,4762
51610,5006,2141
51620,2830,1496
51630,7114,4054
51640,900,1332
51650,51733,19193
51660,8650,6564
51670,5178,3737
51678,1484,1146
51680,15905,19752
51683,8478,6463
51685,2873,1696
51690,3855,2312
51700,50990,27224
51710,55654,21366
51720,566,895
51730,14377,1526
51735,1679,5312
51740,28994,12407
51750,2732,2520
51760,71037,19732
51770,22179,14116
51775,4756,7289
51790,5710,5257
51800,24194,17778
51810,94163,99107
51820,3836,4789
51830,4901,2678
51840,5089,4943
0,199259,92700
50001,386,336
50019,290,149
50013,591,314
50027,187,118
50003,749,468
50025,84,55
50011,386,190
50027,63,46
50027,355,184
50005,582,363
50023,1946,1048
50023,2127,1734
50019,671,390
50015,82,57
50003,4503,1753
50021,301,159
50011,342,219
50023,795,426
50027,646,306
50009,58,40
50007,433,161
50017,754,416
50017,358,185
50021,1204,568
50025,4621,915
50027,317,158
50001,340,277
50009,299,223
50001,1238,507
50017,456,216
50025,179,76
50019,229,150
50009,38,22
50005,455,287
50007,14322,2591
50023,487,221
50023,753,208
50015,1332,512
50009,249,151
50021,987,696
50027,392,261
50019,256,169
50007,1677,657
50017,331,279
50027,971,489
50021,412,288
50021,648,558
50007,4615,2548
50009,275,222
50017,408,240
50001,509,181
50019,297,183
50019,435,151
50021,374,236
50005,695,475
50019,1234,848
50003,762,424
50025,428,296
50025,897,234
50023,505,184
50009,68,51
50023,1151,402
50015,320,146
50015,359,130
50011,797,398
50007,6630,3640
50011,1275,826
50011,552,306
50021,678,399
50017,361,153
50023,528,189
50001,987,514
50011,418,185
50011,294,261
50011,1228,918
50019,398,158
50001,83,35
50025,235,113
50009,28,15
50013,729,448
50001,115,21
50019,299,101
50005,219,211
50009,75,65
50025,853,261
50025,260,136
50001,99,47
50005,924,384
50027,3315,1405
50027,1290,525
50011,736,542
50007,1745,652
50019,171,121
50021,211,141
50007,850,232
50015,1003,387
50021,132,96
50019,290,234
50013,175,113
50025,375,119
50019,123,69
50007,1990,1026
50015,919,333
50021,363,255
50005,158,78
50003,82,20
50001,292,176
50009,28,23
50001,581,181
50025,552,334
50019,228,143
50027,652,437
50009,296,243
50005,1140,866
50009,50,52
50003,1440,850
50025,481,73
50023,521,253
50021,319,262
50001,2635,661
50023,756,216
50021,272,163
50007,2586,1966
50001,724,330
50011,410,174
50023,3692,700
50023,664,261
50019,162,175
50015,1780,668
50021,439,294
50021,50,32
50005,168,111
50017,623,375
50025,732,200
50001,650,322
50019,961,555
50019,405,270
50023,1378,685
50013,312,249
50009,45,44
50027,1839,293
50017,251,248
50001,333,275
50001,208,122
50021,461,254
50005,346,136
50003,160,55
50021,160,116
50021,891,544
50023,509,118
50027,192,138
50027,431,161
50021,857,468
50003,1047,507
50021,498,294
50025,1064,188
50017,1409,663
50027,259,102
50003,225,122
50011,497,257
50007,1722,650
50001,267,58
50027,463,173
50025,1562,497
50023,228,91
50027,870,355
50003,238,137
50021,4251,2428
50021,1211,1029
50005,342,201
50011,1593,752
50011,1592,1147
50007,219,103
50005,1789,1081
50001,356,171
50003,121,82
50003,24,21
50003,1163,673
50027,496,202
50005,182,93
50007,3076,1403
50011,476,283
50001,404,201
50021,383,248
50007,6512,2748
50013,724,347
50027,2331,1339
50003,274,176
50005,68,19
50001,582,230
50027,260,119
50015,1805,800
50017,561,114
50025,73,70
50021,199,102
50003,310,165
50005,254,167
50011,1461,947
50017,1196,312
50021,177,109
50017,288,208
50025,449,191
50019,393,236
50017,500,239
50007,1226,565
50001,788,312
50025,562,495
50017,230,103
50009,30,18
50023,824,237
50005,303,158
50021,663,426
50001,179,76
50025,246,130
50023,774,197
50017,315,195
50023,1978,654
50005,370,326
50015,233,98
50027,895,509
50021,270,234
50017,195,93
50019,170,112
50007,742,376
50021,79,44
50025,1213,338
50019,104,92
50027,282,130
50021,597,391
50027,454,219
50001,401,127
50005,197,132
50001,133,54
50025,376,226
50017,839,549
50007,3329,1697
50025,692,327
50025,146,70
50027,1119,406
50003,297,189
50007,1941,552
50015,538,221
50023,317,157
50003,122,45
50027,1361,508
50023,416,111
0,1588309,1183614
53001,1516,3111
53003,3993,5647
53005,27846,49105
53007,12519,17741
53009,17231,17087
53011,88822,88629
53013,634,1545
53015,20897,19107
53017,5047,9287
53019,1276,1966
53021,6876,11657
53023,335,912
53025,8746,17570
53027,15692,11743
53029,21080,19251
53031,11985,6113
53033,599796,252090
53035,59701,47468
53037,6462,8372
53039,4373,5138
53041,9772,15954
53043,1649,4024
53045,14568,12637
53047,5259,7151
53049,5684,4484
53051,2501,3942
53053,180478,144026
53055,6943,3061
53057,21875,19418
53059,2554,2624
53061,169927,121642
53063,91977,104797
53065,6014,10794
53067,64879,43703
53069,1091,1115
53071,5713,9098
53073,49743,38764
53075,6910,7460
53077,25945,35381
0,1613950,1408746
55001,5537,4643
55003,5387,2816
55005,10883,11413
55007,6025,3597
55009,62433,64738
55011,3569,3352
55013,3981,4541
55015,11477,14519
55017,15211,15371
55019,6173,7394
55021,17158,13014
55023,4622,3064
55025,215389,83459
55027,18745,25190
55029,9338,8109
55031,14855,7698
55033,11303,10210
55035,30618,23218
55037,952,1643
55039,22356,30329
55041,2421,2172
55043,13574,10255
55045,11196,7848
55047,3790,5779
55049,8099,4302
55051,1783,1788
55053,5297,3900
55055,20136,23489
55057,6237,5400
55059,44838,34942
55061,5151,5746
55063,36632,25711
55065,4534,3313
55067,4569,5810
55069,7543,7444
55071,20382,21581
55073,32330,36568
55075,9868,10609
55077,4112,3758
55078,1191,179
55079,328090,158430
55081,9505,9637
55083,8810,10691
55085,10439,10905
55087,45565,47294
55089,19075,35991
55091,1875,1793
55093,10213,10383
55095,10054,12075
55097,22052,16599
55099,3882,3879
55101,52887,49173
55103,4964,3575
55105,49158,30492
55107,3391,3673
55109,19874,25475
55111,18718,12829
55113,4482,4436
55115,8990,11017
55117,28356,34282
55119,3761,5597
55121,7601,5703
55123,8031,5935
55125,5931,7735
55127,22512,28962
55129,4435,4692
55131,23136,54709
55133,77617,161567
55135,11565,13989
55137,5330,6558
55139,45410,42073
55141,18546,19685
0,234925,412406
54001,1761,3804
54003,14122,21956
54005,2777,5414
54007,1985,2692
54009,3984,5014
54011,13380,17779
54013,801,1288
54015,922,1957
54017,571,2108
54019,5368,8304
54021,830,1580
54023,713,3775
54025,4681,7873
54027,2294,5514
54029,4571,7159
54031,1477,3523
54033,9660,15755
54035,3824,7360
54037,10215,11090
54039,32190,41037
54041,1719,4349
54043,2204,4336
54045,3461,8186
54049,8905,11981
54051,3395,6208
54053,3738,5706
54047,2086,3931
54055,5416,15406
54057,2836,7687
54059,2421,6163
54061,13664,16672
54063,1441,3571
54065,2361,4508
54067,2635,5823
54069,6623,10577
54071,1067,2087
54073,942,1805
54075,1298,2167
54077,2916,7841
54079,7198,15926
54081,7651,20375
54083,3325,6150
54085,762,2889
54087,1928,2973
54089,1612,2968
54091,1933,3827
54093,876,2160
54095,880,2291
54097,2143,5878
54099,4915,8673
54101,939,1708
54103,2194,3449
54105,673,1422
54107,11067,21980
54109,1575,5751
0,170265,68780
56001,7851,7445
56003,4269,868
56005,14952,2163
56007,4152,2109
56009,5043,1089
56011,3109,426
56013,11072,5333
56015,4178,1458
56017,1894,523
56019,3362,749
56021,23247,13807
56023,7144,1287
56025,22129,8960
56027,1022,200
56029,11234,2927
56031,3136,1223
56033,10267,3618
56035,3472,767
56037,11427,4773
56039,4858,6211
56041,6613,1628
56043,3013,794
56045,2821,422
